gene_id_1,gene_id_2
ENSG00000223972,ENSG00000223972
ENSG00000227232,ENSG00000227232
ENSG00000278267,ENSG00000278267
ENSG00000243485,ENSG00000243485
ENSG00000284332,ENSG00000284332
ENSG00000237613,ENSG00000237613
ENSG00000268020,ENSG00000268020
ENSG00000238009,ENSG00000238009
ENSG00000239945,ENSG00000239945
ENSG00000233750,ENSG00000233750
ENSG00000268903,ENSG00000268903
ENSG00000269981,ENSG00000269981
ENSG00000239906,ENSG00000239906
ENSG00000222623,ENSG00000222623
ENSG00000241599,ENSG00000241599
ENSG00000279928,ENSG00000279928
ENSG00000279457,ENSG00000279457
ENSG00000273874,ENSG00000273874
ENSG00000236679,ENSG00000236679
ENSG00000236601,ENSG00000236601
ENSG00000269732,ENSG00000269732
ENSG00000278566,ENSG00000284733
ENSG00000233653,ENSG00000233653
ENSG00000250575,ENSG00000250575
ENSG00000278757,ENSG00000278757
ENSG00000235146,ENSG00000235146
ENSG00000225972,ENSG00000225972
ENSG00000225630,ENSG00000225630
ENSG00000237973,ENSG00000237973
ENSG00000278791,ENSG00000278791
ENSG00000229344,ENSG00000229344
ENSG00000240409,ENSG00000240409
ENSG00000248527,ENSG00000248527
ENSG00000198744,ENSG00000198744
ENSG00000268663,ENSG00000268663
ENSG00000273547,ENSG00000284662
ENSG00000229376,ENSG00000229376
ENSG00000223181,ENSG00000223181
ENSG00000229905,ENSG00000229905
ENSG00000230092,ENSG00000230092
ENSG00000177757,ENSG00000177757
ENSG00000230368,ENSG00000230368
ENSG00000234711,ENSG00000234711
ENSG00000283040,ENSG00000283040
ENSG00000272438,ENSG00000272438
ENSG00000230699,ENSG00000230699
ENSG00000241180,ENSG00000241180
ENSG00000223764,ENSG00000223764
ENSG00000272512,ENSG00000272512
ENSG00000231702,ENSG00000231702
ENSG00000224969,ENSG00000224969
ENSG00000242590,ENSG00000242590
ENSG00000273443,ENSG00000273443
ENSG00000223823,ENSG00000223823
ENSG00000207730,ENSG00000207730
ENSG00000207607,ENSG00000207607
ENSG00000198976,ENSG00000198976
ENSG00000272141,ENSG00000272141
ENSG00000205231,ENSG00000205231
ENSG00000184163,ENSG00000184163
ENSG00000260179,ENSG00000260179
ENSG00000230415,ENSG00000230415
ENSG00000278073,ENSG00000278073
ENSG00000283712,ENSG00000283712
ENSG00000240731,ENSG00000240731
ENSG00000284372,ENSG00000284372
ENSG00000223663,ENSG00000223663
ENSG00000264293,ENSG00000264293
ENSG00000272455,ENSG00000272455
ENSG00000225905,ENSG00000225905
ENSG00000225285,ENSG00000225285
ENSG00000274481,ENSG00000274481
ENSG00000272106,ENSG00000272106
ENSG00000272004,ENSG00000272004
ENSG00000269737,ENSG00000269737
ENSG00000215914,ENSG00000215914
ENSG00000268575,ENSG00000268575
ENSG00000227775,ENSG00000227775
ENSG00000008130,ENSG00000008130
ENSG00000226969,ENSG00000226969
ENSG00000271806,ENSG00000271806
ENSG00000182873,ENSG00000182873
ENSG00000234396,ENSG00000234396
ENSG00000272161,ENSG00000272161
ENSG00000269896,ENSG00000269896
ENSG00000272420,ENSG00000272420
ENSG00000224387,ENSG00000224387
ENSG00000229393,ENSG00000229393
ENSG00000225931,ENSG00000225931
ENSG00000228037,ENSG00000228037
ENSG00000237058,ENSG00000237058
ENSG00000283259,ENSG00000283259
ENSG00000233234,ENSG00000233234
ENSG00000231630,ENSG00000231630
ENSG00000283572,ENSG00000283572
ENSG00000226286,ENSG00000226286
ENSG00000279839,ENSG00000279839
ENSG00000272235,ENSG00000272235
ENSG00000272088,ENSG00000272088
ENSG00000207776,ENSG00000207776
ENSG00000227589,ENSG00000227589
ENSG00000235131,ENSG00000235131
ENSG00000276189,ENSG00000276189
ENSG00000266075,ENSG00000266075
ENSG00000272153,ENSG00000272153
ENSG00000229280,ENSG00000229280
ENSG00000227169,ENSG00000227169
ENSG00000231510,ENSG00000231510
ENSG00000260972,ENSG00000260972
ENSG00000283356,ENSG00000283356
ENSG00000236948,ENSG00000236948
ENSG00000264341,ENSG00000264341
ENSG00000264101,ENSG00000264101
ENSG00000226944,ENSG00000226944
ENSG00000271746,ENSG00000271746
ENSG00000069812,ENSG00000069812
ENSG00000265392,ENSG00000265392
ENSG00000231868,ENSG00000231868
ENSG00000253022,ENSG00000253022
ENSG00000229519,ENSG00000229519
ENSG00000237436,ENSG00000237436
ENSG00000227950,ENSG00000227950
ENSG00000237365,ENSG00000237365
ENSG00000207056,ENSG00000207056
ENSG00000237402,ENSG00000237402
ENSG00000237728,ENSG00000237728
ENSG00000225126,ENSG00000225126
ENSG00000270171,ENSG00000270171
ENSG00000270035,ENSG00000270035
ENSG00000269978,ENSG00000269978
ENSG00000269925,ENSG00000269925
ENSG00000236266,ENSG00000236266
ENSG00000270330,ENSG00000270330
ENSG00000200344,ENSG00000200344
ENSG00000238290,ENSG00000238290
ENSG00000232848,ENSG00000232848
ENSG00000229305,ENSG00000229305
ENSG00000200975,ENSG00000200975
ENSG00000233645,ENSG00000233645
ENSG00000251977,ENSG00000251977
ENSG00000252254,ENSG00000252254
ENSG00000221083,ENSG00000221083
ENSG00000270282,ENSG00000270282
ENSG00000234619,ENSG00000234619
ENSG00000224315,ENSG00000224315
ENSG00000222511,ENSG00000222511
ENSG00000226545,ENSG00000226545
ENSG00000228423,ENSG00000228423
ENSG00000229716,ENSG00000229716
ENSG00000274258,ENSG00000274258
ENSG00000230679,ENSG00000230679
ENSG00000201725,ENSG00000201725
ENSG00000238249,ENSG00000238249
ENSG00000232208,ENSG00000232208
ENSG00000232663,ENSG00000232663
ENSG00000265141,ENSG00000265141
ENSG00000252404,ENSG00000252404
ENSG00000284357,ENSG00000284357
ENSG00000252956,ENSG00000252956
ENSG00000235263,ENSG00000235263
ENSG00000231181,ENSG00000231181
ENSG00000179840,ENSG00000179840
ENSG00000233268,ENSG00000233268
ENSG00000271264,ENSG00000271264
ENSG00000280113,ENSG00000280113
ENSG00000223989,ENSG00000223989
ENSG00000228150,ENSG00000228150
ENSG00000202415,ENSG00000202415
ENSG00000265521,ENSG00000265521
ENSG00000241326,ENSG00000241326
ENSG00000224340,ENSG00000224340
ENSG00000233623,ENSG00000233623
ENSG00000201746,ENSG00000201746
ENSG00000264881,ENSG00000264881
ENSG00000199562,ENSG00000199562
ENSG00000264501,ENSG00000264501
ENSG00000271989,ENSG00000271989
ENSG00000251503,ENSG00000251503
ENSG00000203469,ENSG00000203469
ENSG00000243267,ENSG00000243267
ENSG00000272078,ENSG00000272078
ENSG00000225158,ENSG00000225158
ENSG00000215785,ENSG00000215785
ENSG00000226849,ENSG00000226849
ENSG00000225602,ENSG00000225602
ENSG00000253086,ENSG00000253086
ENSG00000207451,ENSG00000207451
ENSG00000238173,ENSG00000238173
ENSG00000238199,ENSG00000238199
ENSG00000224338,ENSG00000224338
ENSG00000177553,ENSG00000177553
ENSG00000276470,ENSG00000276470
ENSG00000278852,ENSG00000278852
ENSG00000275915,ENSG00000275915
ENSG00000224904,ENSG00000224904
ENSG00000199347,ENSG00000199347
ENSG00000201801,ENSG00000201801
ENSG00000270914,ENSG00000270914
ENSG00000202461,ENSG00000202461
ENSG00000276869,ENSG00000276869
ENSG00000243539,ENSG00000243539
ENSG00000201135,ENSG00000201135
ENSG00000227875,ENSG00000227875
ENSG00000283789,ENSG00000283789
ENSG00000263676,ENSG00000263676
ENSG00000225196,ENSG00000225196
ENSG00000252969,ENSG00000252969
ENSG00000239149,ENSG00000239149
ENSG00000221340,ENSG00000221340
ENSG00000276830,ENSG00000276830
ENSG00000226166,ENSG00000226166
ENSG00000116721,ENSG00000116721
ENSG00000228338,ENSG00000228338
ENSG00000239810,ENSG00000239810
ENSG00000231103,ENSG00000231103
ENSG00000120952,ENSG00000120952
ENSG00000187545,ENSG00000187545
ENSG00000207434,ENSG00000207434
ENSG00000234064,ENSG00000234064
ENSG00000232423,ENSG00000232423
ENSG00000274178,ENSG00000274178
ENSG00000277862,ENSG00000277862
ENSG00000236179,ENSG00000236179
ENSG00000229978,ENSG00000229978
ENSG00000233336,ENSG00000233336
ENSG00000250894,ENSG00000250894
ENSG00000231219,ENSG00000231219
ENSG00000207511,ENSG00000207511
ENSG00000237700,ENSG00000237700
ENSG00000204501,ENSG00000204501
ENSG00000228229,ENSG00000228229
ENSG00000204479,ENSG00000204479
ENSG00000259961,ENSG00000259961
ENSG00000215909,ENSG00000215909
ENSG00000222952,ENSG00000222952
ENSG00000237445,ENSG00000237445
ENSG00000253085,ENSG00000253085
ENSG00000252151,ENSG00000252151
ENSG00000235829,ENSG00000235829
ENSG00000204464,ENSG00000204464
ENSG00000215720,ENSG00000215720
ENSG00000278480,ENSG00000278480
ENSG00000233485,ENSG00000233485
ENSG00000236045,ENSG00000236045
ENSG00000251866,ENSG00000251866
ENSG00000272510,ENSG00000272510
ENSG00000237301,ENSG00000237301
ENSG00000235084,ENSG00000235084
ENSG00000252417,ENSG00000252417
ENSG00000236500,ENSG00000236500
ENSG00000271742,ENSG00000271742
ENSG00000237938,ENSG00000237938
ENSG00000224321,ENSG00000224321
ENSG00000178715,ENSG00000178715
ENSG00000179743,ENSG00000179743
ENSG00000270620,ENSG00000270620
ENSG00000234607,ENSG00000234607
ENSG00000231353,ENSG00000231353
ENSG00000275503,ENSG00000275503
ENSG00000224966,ENSG00000224966
ENSG00000183888,ENSG00000183888
ENSG00000233078,ENSG00000233078
ENSG00000232456,ENSG00000232456
ENSG00000224621,ENSG00000224621
ENSG00000234166,ENSG00000234166
ENSG00000233929,ENSG00000233929
ENSG00000226457,ENSG00000226457
ENSG00000187144,ENSG00000187144
ENSG00000226029,ENSG00000226029
ENSG00000206652,ENSG00000206652
ENSG00000261135,ENSG00000261135
ENSG00000224174,ENSG00000224174
ENSG00000277344,ENSG00000277344
ENSG00000225710,ENSG00000225710
ENSG00000271732,ENSG00000271732
ENSG00000283773,ENSG00000283773
ENSG00000186301,ENSG00000186301
ENSG00000282143,ENSG00000282143
ENSG00000207513,ENSG00000207513
ENSG00000280114,ENSG00000280114
ENSG00000236698,ENSG00000236698
ENSG00000279151,ENSG00000279151
ENSG00000282740,ENSG00000282740
ENSG00000227684,ENSG00000227684
ENSG00000207389,ENSG00000207389
ENSG00000223643,ENSG00000223643
ENSG00000230239,ENSG00000230239
ENSG00000263811,ENSG00000263811
ENSG00000277234,ENSG00000277234
ENSG00000235241,ENSG00000235241
ENSG00000207005,ENSG00000207005
ENSG00000272426,ENSG00000272426
ENSG00000226526,ENSG00000226526
ENSG00000204362,ENSG00000204362
ENSG00000282843,ENSG00000282843
ENSG00000142619,ENSG00000142619
ENSG00000266634,ENSG00000266634
ENSG00000159339,ENSG00000159339
ENSG00000276747,ENSG00000276747
ENSG00000227751,ENSG00000227751
ENSG00000261781,ENSG00000261781
ENSG00000280222,ENSG00000280222
ENSG00000230035,ENSG00000230035
ENSG00000225387,ENSG00000225387
ENSG00000235282,ENSG00000235282
ENSG00000225478,ENSG00000225478
ENSG00000265606,ENSG00000265606
ENSG00000221662,ENSG00000221662
ENSG00000272084,ENSG00000272084
ENSG00000270728,ENSG00000270728
ENSG00000200403,ENSG00000200403
ENSG00000240490,ENSG00000240490
ENSG00000201609,ENSG00000201609
ENSG00000235185,ENSG00000235185
ENSG00000226396,ENSG00000226396
ENSG00000235434,ENSG00000235434
ENSG00000188784,ENSG00000188784
ENSG00000242688,ENSG00000242688
ENSG00000226664,ENSG00000226664
ENSG00000226487,ENSG00000226487
ENSG00000215520,ENSG00000215520
ENSG00000284005,ENSG00000284005
ENSG00000117242,ENSG00000117242
ENSG00000235432,ENSG00000235432
ENSG00000233069,ENSG00000233069
ENSG00000251914,ENSG00000251914
ENSG00000221808,ENSG00000221808
ENSG00000233072,ENSG00000233072
ENSG00000236073,ENSG00000236073
ENSG00000235112,ENSG00000235112
ENSG00000236936,ENSG00000236936
ENSG00000236216,ENSG00000236216
ENSG00000228823,ENSG00000228823
ENSG00000236009,ENSG00000236009
ENSG00000227001,ENSG00000227001
ENSG00000187952,ENSG00000187952
ENSG00000186543,ENSG00000186543
ENSG00000176378,ENSG00000176378
ENSG00000233431,ENSG00000233431
ENSG00000231978,ENSG00000231978
ENSG00000232037,ENSG00000232037
ENSG00000283234,ENSG00000283234
ENSG00000273610,ENSG00000273610
ENSG00000201919,ENSG00000201919
ENSG00000278124,ENSG00000278124
ENSG00000201273,ENSG00000201273
ENSG00000230068,ENSG00000230068
ENSG00000271428,ENSG00000271428
ENSG00000266564,ENSG00000266564
ENSG00000234397,ENSG00000234397
ENSG00000279625,ENSG00000279625
ENSG00000237200,ENSG00000237200
ENSG00000276835,ENSG00000276835
ENSG00000265422,ENSG00000265422
ENSG00000225952,ENSG00000225952
ENSG00000264014,ENSG00000264014
ENSG00000240553,ENSG00000240553
ENSG00000263793,ENSG00000263793
ENSG00000266802,ENSG00000266802
ENSG00000229010,ENSG00000229010
ENSG00000206935,ENSG00000206935
ENSG00000252578,ENSG00000252578
ENSG00000215381,ENSG00000215381
ENSG00000201405,ENSG00000201405
ENSG00000271420,ENSG00000271420
ENSG00000232482,ENSG00000232482
ENSG00000235052,ENSG00000235052
ENSG00000229239,ENSG00000229239
ENSG00000229106,ENSG00000229106
ENSG00000232557,ENSG00000232557
ENSG00000264926,ENSG00000264926
ENSG00000230228,ENSG00000230228
ENSG00000215905,ENSG00000215905
ENSG00000225315,ENSG00000225315
ENSG00000230703,ENSG00000230703
ENSG00000230023,ENSG00000230023
ENSG00000232298,ENSG00000232298
ENSG00000264443,ENSG00000264443
ENSG00000227312,ENSG00000227312
ENSG00000239106,ENSG00000239106
ENSG00000238482,ENSG00000238482
ENSG00000278034,ENSG00000278034
ENSG00000229162,ENSG00000229162
ENSG00000261025,ENSG00000261025
ENSG00000264371,ENSG00000264371
ENSG00000233755,ENSG00000233755
ENSG00000233419,ENSG00000233419
ENSG00000231953,ENSG00000231953
ENSG00000272432,ENSG00000272432
ENSG00000261349,ENSG00000261349
ENSG00000224183,ENSG00000224183
ENSG00000259984,ENSG00000259984
ENSG00000238084,ENSG00000238084
ENSG00000225643,ENSG00000225643
ENSG00000233478,ENSG00000233478
ENSG00000255054,ENSG00000255054
ENSG00000228172,ENSG00000228172
ENSG00000272478,ENSG00000272478
ENSG00000207302,ENSG00000207302
ENSG00000229786,ENSG00000229786
ENSG00000223624,ENSG00000223624
ENSG00000283938,ENSG00000283938
ENSG00000207237,ENSG00000207237
ENSG00000252190,ENSG00000252190
ENSG00000252691,ENSG00000252691
ENSG00000284309,ENSG00000284309
ENSG00000278572,ENSG00000278572
ENSG00000270733,ENSG00000270733
ENSG00000225854,ENSG00000225854
ENSG00000223583,ENSG00000223583
ENSG00000224129,ENSG00000224129
ENSG00000238705,ENSG00000238705
ENSG00000243905,ENSG00000243905
ENSG00000252802,ENSG00000252802
ENSG00000252429,ENSG00000252429
ENSG00000229247,ENSG00000229247
ENSG00000238316,ENSG00000238316
ENSG00000235069,ENSG00000235069
ENSG00000260063,ENSG00000260063
ENSG00000241188,ENSG00000241188
ENSG00000226698,ENSG00000226698
ENSG00000172746,ENSG00000172746
ENSG00000224064,ENSG00000224064
ENSG00000225294,ENSG00000225294
ENSG00000229985,ENSG00000229985
ENSG00000214973,ENSG00000214973
ENSG00000225159,ENSG00000225159
ENSG00000225990,ENSG00000225990
ENSG00000224311,ENSG00000224311
ENSG00000252098,ENSG00000252098
ENSG00000243659,ENSG00000243659
ENSG00000206888,ENSG00000206888
ENSG00000241547,ENSG00000241547
ENSG00000231207,ENSG00000231207
ENSG00000241169,ENSG00000241169
ENSG00000237429,ENSG00000237429
ENSG00000235912,ENSG00000235912
ENSG00000225886,ENSG00000225886
ENSG00000206767,ENSG00000206767
ENSG00000226662,ENSG00000226662
ENSG00000207095,ENSG00000207095
ENSG00000231344,ENSG00000231344
ENSG00000230833,ENSG00000230833
ENSG00000269971,ENSG00000269971
ENSG00000270031,ENSG00000270031
ENSG00000223062,ENSG00000223062
ENSG00000252947,ENSG00000252947
ENSG00000227050,ENSG00000227050
ENSG00000238231,ENSG00000238231
ENSG00000240750,ENSG00000240750
ENSG00000228589,ENSG00000228589
ENSG00000228943,ENSG00000228943
ENSG00000214812,ENSG00000214812
ENSG00000253005,ENSG00000253005
ENSG00000270605,ENSG00000270605
ENSG00000271398,ENSG00000271398
ENSG00000206779,ENSG00000206779
ENSG00000229820,ENSG00000229820
ENSG00000221216,ENSG00000221216
ENSG00000242125,ENSG00000242125
ENSG00000274266,ENSG00000274266
ENSG00000200087,ENSG00000200087
ENSG00000231468,ENSG00000231468
ENSG00000279443,ENSG00000279443
ENSG00000180098,ENSG00000180098
ENSG00000221539,ENSG00000221539
ENSG00000278274,ENSG00000278274
ENSG00000273544,ENSG00000273544
ENSG00000274582,ENSG00000274582
ENSG00000280498,ENSG00000280498
ENSG00000229388,ENSG00000229388
ENSG00000270103,ENSG00000270103
ENSG00000274978,ENSG00000274978
ENSG00000252777,ENSG00000252777
ENSG00000233427,ENSG00000233427
ENSG00000199756,ENSG00000199756
ENSG00000225616,ENSG00000225616
ENSG00000206704,ENSG00000206704
ENSG00000277958,ENSG00000277958
ENSG00000225750,ENSG00000225750
ENSG00000277916,ENSG00000277916
ENSG00000237934,ENSG00000237934
ENSG00000230523,ENSG00000230523
ENSG00000225011,ENSG00000225011
ENSG00000228176,ENSG00000228176
ENSG00000270927,ENSG00000270927
ENSG00000233399,ENSG00000233399
ENSG00000233372,ENSG00000233372
ENSG00000231251,ENSG00000231251
ENSG00000236335,ENSG00000236335
ENSG00000231949,ENSG00000231949
ENSG00000264773,ENSG00000264773
ENSG00000229607,ENSG00000229607
ENSG00000222784,ENSG00000222784
ENSG00000235143,ENSG00000235143
ENSG00000266210,ENSG00000266210
ENSG00000237329,ENSG00000237329
ENSG00000232768,ENSG00000232768
ENSG00000215900,ENSG00000215900
ENSG00000225142,ENSG00000225142
ENSG00000229447,ENSG00000229447
ENSG00000229044,ENSG00000229044
ENSG00000215899,ENSG00000215899
ENSG00000206981,ENSG00000206981
ENSG00000260386,ENSG00000260386
ENSG00000265961,ENSG00000265961
ENSG00000284543,ENSG00000284543
ENSG00000235790,ENSG00000235790
ENSG00000264078,ENSG00000264078
ENSG00000266580,ENSG00000266580
ENSG00000254545,ENSG00000254545
ENSG00000203620,ENSG00000203620
ENSG00000269967,ENSG00000269967
ENSG00000228634,ENSG00000228634
ENSG00000203325,ENSG00000203325
ENSG00000266203,ENSG00000266203
ENSG00000276493,ENSG00000276493
ENSG00000250135,ENSG00000250135
ENSG00000224066,ENSG00000224066
ENSG00000277617,ENSG00000277617
ENSG00000252450,ENSG00000252450
ENSG00000233775,ENSG00000233775
ENSG00000224333,ENSG00000224333
ENSG00000270850,ENSG00000270850
ENSG00000229259,ENSG00000229259
ENSG00000263529,ENSG00000263529
ENSG00000254553,ENSG00000254553
ENSG00000200591,ENSG00000200591
ENSG00000224409,ENSG00000224409
ENSG00000278966,ENSG00000278966
ENSG00000217644,ENSG00000217644
ENSG00000239670,ENSG00000239670
ENSG00000236065,ENSG00000236065
ENSG00000276645,ENSG00000276645
ENSG00000278997,ENSG00000278997
ENSG00000279179,ENSG00000279179
ENSG00000270115,ENSG00000270115
ENSG00000184389,ENSG00000184389
ENSG00000225313,ENSG00000225313
ENSG00000284154,ENSG00000284154
ENSG00000222112,ENSG00000222112
ENSG00000233246,ENSG00000233246
ENSG00000234512,ENSG00000234512
ENSG00000235907,ENSG00000235907
ENSG00000227000,ENSG00000227000
ENSG00000201148,ENSG00000201148
ENSG00000270241,ENSG00000270241
ENSG00000207941,ENSG00000207941
ENSG00000189280,ENSG00000189280
ENSG00000255811,ENSG00000255811
ENSG00000230163,ENSG00000230163
ENSG00000271741,ENSG00000271741
ENSG00000233940,ENSG00000233940
ENSG00000228348,ENSG00000228348
ENSG00000201868,ENSG00000201868
ENSG00000240374,ENSG00000240374
ENSG00000201542,ENSG00000201542
ENSG00000229994,ENSG00000229994
ENSG00000227409,ENSG00000227409
ENSG00000278702,ENSG00000278702
ENSG00000236274,ENSG00000236274
ENSG00000232335,ENSG00000232335
ENSG00000271164,ENSG00000271164
ENSG00000271914,ENSG00000271914
ENSG00000271554,ENSG00000271554
ENSG00000232862,ENSG00000232862
ENSG00000264592,ENSG00000264592
ENSG00000231849,ENSG00000231849
ENSG00000222821,ENSG00000222821
ENSG00000116885,ENSG00000116885
ENSG00000201448,ENSG00000201448
ENSG00000230214,ENSG00000230214
ENSG00000264698,ENSG00000264698
ENSG00000207328,ENSG00000207328
ENSG00000252368,ENSG00000252368
ENSG00000230451,ENSG00000230451
ENSG00000283724,ENSG00000283724
ENSG00000263675,ENSG00000263675
ENSG00000232273,ENSG00000232273
ENSG00000237749,ENSG00000237749
ENSG00000200421,ENSG00000200421
ENSG00000214141,ENSG00000214141
ENSG00000227416,ENSG00000227416
ENSG00000233728,ENSG00000233728
ENSG00000235673,ENSG00000235673
ENSG00000230955,ENSG00000230955
ENSG00000252448,ENSG00000252448
ENSG00000222282,ENSG00000222282
ENSG00000277168,ENSG00000277168
ENSG00000212541,ENSG00000212541
ENSG00000224592,ENSG00000224592
ENSG00000223589,ENSG00000223589
ENSG00000265596,ENSG00000265596
ENSG00000275350,ENSG00000275350
ENSG00000200796,ENSG00000200796
ENSG00000215895,ENSG00000215895
ENSG00000273637,ENSG00000273637
ENSG00000274944,ENSG00000274944
ENSG00000199963,ENSG00000199963
ENSG00000207466,ENSG00000207466
ENSG00000235549,ENSG00000235549
ENSG00000206654,ENSG00000206654
ENSG00000222378,ENSG00000222378
ENSG00000226438,ENSG00000226438
ENSG00000217897,ENSG00000217897
ENSG00000237624,ENSG00000237624
ENSG00000201457,ENSG00000201457
ENSG00000225903,ENSG00000225903
ENSG00000225333,ENSG00000225333
ENSG00000252413,ENSG00000252413
ENSG00000198754,ENSG00000198754
ENSG00000261798,ENSG00000261798
ENSG00000229213,ENSG00000229213
ENSG00000202222,ENSG00000202222
ENSG00000236546,ENSG00000236546
ENSG00000207356,ENSG00000207356
ENSG00000228477,ENSG00000228477
ENSG00000226745,ENSG00000226745
ENSG00000207508,ENSG00000207508
ENSG00000231296,ENSG00000231296
ENSG00000227311,ENSG00000227311
ENSG00000213172,ENSG00000213172
ENSG00000260920,ENSG00000260920
ENSG00000279667,ENSG00000279667
ENSG00000238287,ENSG00000238287
ENSG00000227278,ENSG00000227278
ENSG00000238186,ENSG00000238186
ENSG00000236505,ENSG00000236505
ENSG00000233910,ENSG00000233910
ENSG00000237899,ENSG00000237899
ENSG00000198974,ENSG00000198974
ENSG00000207962,ENSG00000207962
ENSG00000264582,ENSG00000264582
ENSG00000229528,ENSG00000229528
ENSG00000228940,ENSG00000228940
ENSG00000233118,ENSG00000233118
ENSG00000281207,ENSG00000281207
ENSG00000215893,ENSG00000215893
ENSG00000213987,ENSG00000213987
ENSG00000229901,ENSG00000229901
ENSG00000252563,ENSG00000252563
ENSG00000230881,ENSG00000230881
ENSG00000230638,ENSG00000230638
ENSG00000227538,ENSG00000227538
ENSG00000228776,ENSG00000228776
ENSG00000227527,ENSG00000227527
ENSG00000235002,ENSG00000235002
ENSG00000230116,ENSG00000230116
ENSG00000236876,ENSG00000236876
ENSG00000200254,ENSG00000200254
ENSG00000236180,ENSG00000236180
ENSG00000234917,ENSG00000234917
ENSG00000228452,ENSG00000228452
ENSG00000233708,ENSG00000233708
ENSG00000237090,ENSG00000237090
ENSG00000225099,ENSG00000225099
ENSG00000284138,ENSG00000284138
ENSG00000207256,ENSG00000207256
ENSG00000283136,ENSG00000283136
ENSG00000277513,ENSG00000277513
ENSG00000284410,ENSG00000284410
ENSG00000199240,ENSG00000199240
ENSG00000283836,ENSG00000283836
ENSG00000229431,ENSG00000229431
ENSG00000229372,ENSG00000229372
ENSG00000274975,ENSG00000274975
ENSG00000229348,ENSG00000229348
ENSG00000229444,ENSG00000229444
ENSG00000283414,ENSG00000283414
ENSG00000233674,ENSG00000233674
ENSG00000283477,ENSG00000283477
ENSG00000224751,ENSG00000224751
ENSG00000227163,ENSG00000227163
ENSG00000271647,ENSG00000271647
ENSG00000239560,ENSG00000239560
ENSG00000233514,ENSG00000233514
ENSG00000283039,ENSG00000283039
ENSG00000226804,ENSG00000226804
ENSG00000200171,ENSG00000200171
ENSG00000238037,ENSG00000238037
ENSG00000227994,ENSG00000227994
ENSG00000271329,ENSG00000271329
ENSG00000233602,ENSG00000233602
ENSG00000199385,ENSG00000199385
ENSG00000263381,ENSG00000263381
ENSG00000199377,ENSG00000199377
ENSG00000200169,ENSG00000200169
ENSG00000225721,ENSG00000225721
ENSG00000264294,ENSG00000264294
ENSG00000200913,ENSG00000200913
ENSG00000202031,ENSG00000202031
ENSG00000207421,ENSG00000207421
ENSG00000281859,ENSG00000281859
ENSG00000234093,ENSG00000234093
ENSG00000202444,ENSG00000202444
ENSG00000226499,ENSG00000226499
ENSG00000253039,ENSG00000253039
ENSG00000229815,ENSG00000229815
ENSG00000232369,ENSG00000232369
ENSG00000268949,ENSG00000268949
ENSG00000234315,ENSG00000234315
ENSG00000281912,ENSG00000281912
ENSG00000236872,ENSG00000236872
ENSG00000234379,ENSG00000234379
ENSG00000281133,ENSG00000281133
ENSG00000280836,ENSG00000280836
ENSG00000281112,ENSG00000281112
ENSG00000281825,ENSG00000281825
ENSG00000225447,ENSG00000225447
ENSG00000234329,ENSG00000234329
ENSG00000230896,ENSG00000230896
ENSG00000236111,ENSG00000236111
ENSG00000232467,ENSG00000232467
ENSG00000278139,ENSG00000278139
ENSG00000226957,ENSG00000226957
ENSG00000233114,ENSG00000233114
ENSG00000227857,ENSG00000227857
ENSG00000225779,ENSG00000225779
ENSG00000233647,ENSG00000233647
ENSG00000228237,ENSG00000228237
ENSG00000236476,ENSG00000236476
ENSG00000154198,ENSG00000154198
ENSG00000238145,ENSG00000238145
ENSG00000259832,ENSG00000259832
ENSG00000261196,ENSG00000261196
ENSG00000261593,ENSG00000261593
ENSG00000261290,ENSG00000261290
ENSG00000225154,ENSG00000225154
ENSG00000225506,ENSG00000225506
ENSG00000225514,ENSG00000225514
ENSG00000224805,ENSG00000224805
ENSG00000226252,ENSG00000226252
ENSG00000225762,ENSG00000225762
ENSG00000237424,ENSG00000237424
ENSG00000271355,ENSG00000271355
ENSG00000229554,ENSG00000229554
ENSG00000227883,ENSG00000227883
ENSG00000223814,ENSG00000223814
ENSG00000225028,ENSG00000225028
ENSG00000226133,ENSG00000226133
ENSG00000231413,ENSG00000231413
ENSG00000237180,ENSG00000237180
ENSG00000242267,ENSG00000242267
ENSG00000279096,ENSG00000279096
ENSG00000223720,ENSG00000223720
ENSG00000272491,ENSG00000272491
ENSG00000279214,ENSG00000279214
ENSG00000224986,ENSG00000224986
ENSG00000206700,ENSG00000206700
ENSG00000235105,ENSG00000235105
ENSG00000223175,ENSG00000223175
ENSG00000232514,ENSG00000232514
ENSG00000230114,ENSG00000230114
ENSG00000225623,ENSG00000225623
ENSG00000237478,ENSG00000237478
ENSG00000215887,ENSG00000215887
ENSG00000279324,ENSG00000279324
ENSG00000233595,ENSG00000233595
ENSG00000230828,ENSG00000230828
ENSG00000237337,ENSG00000237337
ENSG00000233407,ENSG00000233407
ENSG00000234080,ENSG00000234080
ENSG00000229316,ENSG00000229316
ENSG00000225671,ENSG00000225671
ENSG00000225767,ENSG00000225767
ENSG00000207194,ENSG00000207194
ENSG00000230585,ENSG00000230585
ENSG00000237130,ENSG00000237130
ENSG00000265538,ENSG00000265538
ENSG00000275816,ENSG00000275816
ENSG00000200262,ENSG00000200262
ENSG00000213478,ENSG00000213478
ENSG00000203356,ENSG00000203356
ENSG00000233406,ENSG00000233406
ENSG00000236434,ENSG00000236434
ENSG00000261664,ENSG00000261664
ENSG00000232027,ENSG00000232027
ENSG00000206595,ENSG00000206595
ENSG00000238140,ENSG00000238140
ENSG00000252032,ENSG00000252032
ENSG00000236973,ENSG00000236973
ENSG00000232846,ENSG00000232846
ENSG00000212624,ENSG00000212624
ENSG00000266993,ENSG00000266993
ENSG00000272175,ENSG00000272175
ENSG00000283899,ENSG00000283899
ENSG00000230604,ENSG00000230604
ENSG00000200839,ENSG00000200839
ENSG00000229032,ENSG00000229032
ENSG00000264613,ENSG00000264613
ENSG00000223390,ENSG00000223390
ENSG00000228369,ENSG00000228369
ENSG00000241745,ENSG00000241745
ENSG00000228407,ENSG00000228407
ENSG00000223429,ENSG00000223429
ENSG00000224255,ENSG00000224255
ENSG00000236004,ENSG00000236004
ENSG00000237663,ENSG00000237663
ENSG00000213735,ENSG00000213735
ENSG00000272100,ENSG00000272100
ENSG00000224680,ENSG00000224680
ENSG00000272371,ENSG00000272371
ENSG00000236290,ENSG00000236290
ENSG00000233664,ENSG00000233664
ENSG00000239640,ENSG00000239640
ENSG00000252018,ENSG00000252018
ENSG00000228929,ENSG00000228929
ENSG00000206627,ENSG00000206627
ENSG00000242391,ENSG00000242391
ENSG00000230953,ENSG00000230953
ENSG00000231866,ENSG00000231866
ENSG00000264834,ENSG00000264834
ENSG00000266188,ENSG00000266188
ENSG00000265815,ENSG00000265815
ENSG00000237279,ENSG00000237279
ENSG00000236360,ENSG00000236360
ENSG00000226147,ENSG00000226147
ENSG00000232993,ENSG00000232993
ENSG00000227644,ENSG00000227644
ENSG00000235563,ENSG00000235563
ENSG00000277397,ENSG00000277397
ENSG00000236723,ENSG00000236723
ENSG00000259818,ENSG00000259818
ENSG00000234578,ENSG00000234578
ENSG00000228838,ENSG00000228838
ENSG00000232762,ENSG00000232762
ENSG00000225675,ENSG00000225675
ENSG00000226938,ENSG00000226938
ENSG00000236253,ENSG00000236253
ENSG00000143006,ENSG00000143006
ENSG00000239007,ENSG00000239007
ENSG00000201003,ENSG00000201003
ENSG00000229687,ENSG00000229687
ENSG00000219102,ENSG00000219102
ENSG00000280378,ENSG00000280378
ENSG00000283749,ENSG00000283749
ENSG00000225183,ENSG00000225183
ENSG00000279049,ENSG00000279049
ENSG00000256407,ENSG00000256407
ENSG00000280425,ENSG00000280425
ENSG00000116221,ENSG00000116221
ENSG00000198711,ENSG00000198711
ENSG00000232245,ENSG00000232245
ENSG00000235741,ENSG00000235741
ENSG00000237173,ENSG00000237173
ENSG00000227453,ENSG00000227453
ENSG00000230728,ENSG00000230728
ENSG00000271723,ENSG00000271723
ENSG00000237453,ENSG00000237453
ENSG00000233203,ENSG00000233203
ENSG00000233271,ENSG00000233271
ENSG00000231095,ENSG00000231095
ENSG00000265822,ENSG00000265822
ENSG00000231900,ENSG00000231900
ENSG00000232198,ENSG00000232198
ENSG00000199831,ENSG00000199831
ENSG00000252162,ENSG00000252162
ENSG00000272051,ENSG00000272051
ENSG00000227104,ENSG00000227104
ENSG00000235612,ENSG00000235612
ENSG00000229871,ENSG00000229871
ENSG00000236776,ENSG00000236776
ENSG00000224980,ENSG00000224980
ENSG00000225475,ENSG00000225475
ENSG00000229913,ENSG00000229913
ENSG00000236341,ENSG00000236341
ENSG00000227935,ENSG00000227935
ENSG00000236888,ENSG00000236888
ENSG00000229887,ENSG00000229887
ENSG00000223416,ENSG00000223416
ENSG00000235038,ENSG00000235038
ENSG00000230546,ENSG00000230546
ENSG00000233216,ENSG00000233216
ENSG00000270209,ENSG00000270209
ENSG00000264128,ENSG00000264128
ENSG00000185839,ENSG00000185839
ENSG00000283445,ENSG00000283445
ENSG00000272226,ENSG00000272226
ENSG00000231740,ENSG00000231740
ENSG00000228121,ENSG00000228121
ENSG00000241042,ENSG00000241042
ENSG00000235215,ENSG00000235215
ENSG00000270457,ENSG00000270457
ENSG00000266150,ENSG00000266150
ENSG00000226883,ENSG00000226883
ENSG00000265535,ENSG00000265535
ENSG00000162598,ENSG00000162598
ENSG00000229332,ENSG00000229332
ENSG00000237853,ENSG00000237853
ENSG00000223920,ENSG00000223920
ENSG00000162604,ENSG00000162604
ENSG00000271200,ENSG00000271200
ENSG00000200575,ENSG00000200575
ENSG00000212360,ENSG00000212360
ENSG00000236646,ENSG00000236646
ENSG00000242860,ENSG00000242860
ENSG00000263908,ENSG00000263908
ENSG00000283690,ENSG00000283690
ENSG00000234204,ENSG00000234204
ENSG00000234088,ENSG00000234088
ENSG00000237227,ENSG00000237227
ENSG00000200174,ENSG00000200174
ENSG00000201153,ENSG00000201153
ENSG00000270549,ENSG00000270549
ENSG00000278967,ENSG00000278967
ENSG00000213703,ENSG00000213703
ENSG00000235545,ENSG00000235545
ENSG00000234318,ENSG00000234318
ENSG00000237163,ENSG00000237163
ENSG00000227485,ENSG00000227485
ENSG00000229225,ENSG00000229225
ENSG00000203605,ENSG00000203605
ENSG00000252259,ENSG00000252259
ENSG00000228734,ENSG00000228734
ENSG00000223683,ENSG00000223683
ENSG00000275836,ENSG00000275836
ENSG00000252784,ENSG00000252784
ENSG00000236674,ENSG00000236674
ENSG00000264271,ENSG00000264271
ENSG00000251720,ENSG00000251720
ENSG00000116652,ENSG00000116652
ENSG00000276884,ENSG00000276884
ENSG00000278287,ENSG00000278287
ENSG00000277565,ENSG00000277565
ENSG00000275823,ENSG00000275823
ENSG00000277689,ENSG00000277689
ENSG00000274199,ENSG00000274199
ENSG00000244256,ENSG00000244256
ENSG00000177452,ENSG00000177452
ENSG00000228056,ENSG00000228056
ENSG00000207190,ENSG00000207190
ENSG00000200508,ENSG00000200508
ENSG00000238653,ENSG00000238653
ENSG00000264470,ENSG00000264470
ENSG00000234784,ENSG00000234784
ENSG00000233877,ENSG00000233877
ENSG00000185031,ENSG00000185031
ENSG00000272506,ENSG00000272506
ENSG00000212257,ENSG00000212257
ENSG00000265996,ENSG00000265996
ENSG00000199135,ENSG00000199135
ENSG00000235804,ENSG00000235804
ENSG00000234496,ENSG00000234496
ENSG00000231622,ENSG00000231622
ENSG00000229294,ENSG00000229294
ENSG00000234144,ENSG00000234144
ENSG00000222624,ENSG00000222624
ENSG00000237852,ENSG00000237852
ENSG00000224570,ENSG00000224570
ENSG00000239319,ENSG00000239319
ENSG00000227466,ENSG00000227466
ENSG00000223152,ENSG00000223152
ENSG00000264720,ENSG00000264720
ENSG00000248458,ENSG00000248458
ENSG00000231080,ENSG00000231080
ENSG00000252433,ENSG00000252433
ENSG00000275678,ENSG00000275678
ENSG00000253074,ENSG00000253074
ENSG00000252116,ENSG00000252116
ENSG00000228523,ENSG00000228523
ENSG00000223263,ENSG00000223263
ENSG00000207504,ENSG00000207504
ENSG00000238139,ENSG00000238139
ENSG00000242482,ENSG00000242482
ENSG00000232048,ENSG00000232048
ENSG00000238778,ENSG00000238778
ENSG00000235055,ENSG00000235055
ENSG00000228431,ENSG00000228431
ENSG00000234383,ENSG00000234383
ENSG00000221203,ENSG00000221203
ENSG00000229133,ENSG00000229133
ENSG00000225242,ENSG00000225242
ENSG00000237622,ENSG00000237622
ENSG00000229440,ENSG00000229440
ENSG00000233589,ENSG00000233589
ENSG00000234264,ENSG00000234264
ENSG00000225167,ENSG00000225167
ENSG00000229639,ENSG00000229639
ENSG00000270615,ENSG00000270615
ENSG00000240692,ENSG00000240692
ENSG00000229359,ENSG00000229359
ENSG00000237919,ENSG00000237919
ENSG00000244389,ENSG00000244389
ENSG00000228988,ENSG00000228988
ENSG00000226088,ENSG00000226088
ENSG00000278636,ENSG00000278636
ENSG00000271992,ENSG00000271992
ENSG00000233020,ENSG00000233020
ENSG00000237033,ENSG00000237033
ENSG00000226208,ENSG00000226208
ENSG00000235782,ENSG00000235782
ENSG00000269933,ENSG00000269933
ENSG00000235079,ENSG00000235079
ENSG00000207721,ENSG00000207721
ENSG00000226324,ENSG00000226324
ENSG00000231985,ENSG00000231985
ENSG00000271618,ENSG00000271618
ENSG00000228853,ENSG00000228853
ENSG00000233994,ENSG00000233994
ENSG00000227207,ENSG00000227207
ENSG00000212366,ENSG00000212366
ENSG00000227016,ENSG00000227016
ENSG00000280317,ENSG00000280317
ENSG00000229636,ENSG00000229636
ENSG00000251825,ENSG00000251825
ENSG00000223479,ENSG00000223479
ENSG00000200601,ENSG00000200601
ENSG00000252005,ENSG00000252005
ENSG00000237324,ENSG00000237324
ENSG00000233894,ENSG00000233894
ENSG00000234497,ENSG00000234497
ENSG00000272864,ENSG00000272864
ENSG00000229943,ENSG00000229943
ENSG00000261213,ENSG00000261213
ENSG00000224127,ENSG00000224127
ENSG00000224149,ENSG00000224149
ENSG00000206999,ENSG00000206999
ENSG00000224493,ENSG00000224493
ENSG00000252338,ENSG00000252338
ENSG00000213579,ENSG00000213579
ENSG00000181227,ENSG00000181227
ENSG00000206620,ENSG00000206620
ENSG00000207241,ENSG00000207241
ENSG00000201487,ENSG00000201487
ENSG00000223905,ENSG00000223905
ENSG00000272855,ENSG00000272855
ENSG00000226415,ENSG00000226415
ENSG00000199921,ENSG00000199921
ENSG00000237552,ENSG00000237552
ENSG00000276081,ENSG00000276081
ENSG00000230498,ENSG00000288543
ENSG00000226084,ENSG00000226084
ENSG00000228187,ENSG00000228187
ENSG00000233099,ENSG00000233099
ENSG00000251767,ENSG00000251767
ENSG00000251785,ENSG00000251785
ENSG00000243437,ENSG00000243437
ENSG00000077254,ENSG00000077254
ENSG00000232672,ENSG00000232672
ENSG00000222849,ENSG00000222849
ENSG00000219201,ENSG00000219201
ENSG00000235613,ENSG00000235613
ENSG00000232015,ENSG00000232015
ENSG00000235927,ENSG00000235927
ENSG00000273338,ENSG00000273338
ENSG00000213561,ENSG00000213561
ENSG00000251958,ENSG00000251958
ENSG00000213560,ENSG00000213560
ENSG00000202263,ENSG00000202263
ENSG00000233333,ENSG00000233333
ENSG00000237413,ENSG00000237413
ENSG00000227556,ENSG00000227556
ENSG00000212308,ENSG00000212308
ENSG00000238015,ENSG00000238015
ENSG00000235400,ENSG00000235400
ENSG00000230787,ENSG00000230787
ENSG00000282898,ENSG00000282898
ENSG00000235011,ENSG00000235011
ENSG00000232676,ENSG00000232676
ENSG00000235756,ENSG00000235756
ENSG00000260322,ENSG00000260322
ENSG00000277670,ENSG00000277670
ENSG00000236407,ENSG00000236407
ENSG00000225598,ENSG00000225598
ENSG00000213559,ENSG00000213559
ENSG00000227062,ENSG00000227062
ENSG00000234108,ENSG00000234108
ENSG00000224326,ENSG00000224326
ENSG00000227937,ENSG00000227937
ENSG00000229752,ENSG00000229752
ENSG00000235089,ENSG00000235089
ENSG00000223026,ENSG00000223026
ENSG00000224494,ENSG00000224494
ENSG00000227288,ENSG00000227288
ENSG00000227960,ENSG00000227960
ENSG00000234953,ENSG00000234953
ENSG00000242598,ENSG00000242598
ENSG00000236676,ENSG00000236676
ENSG00000234683,ENSG00000234683
ENSG00000215875,ENSG00000215875
ENSG00000233061,ENSG00000233061
ENSG00000229486,ENSG00000229486
ENSG00000213540,ENSG00000213540
ENSG00000226970,ENSG00000226970
ENSG00000199959,ENSG00000199959
ENSG00000249237,ENSG00000249237
ENSG00000180869,ENSG00000180869
ENSG00000232622,ENSG00000232622
ENSG00000266110,ENSG00000266110
ENSG00000280099,ENSG00000280099
ENSG00000223254,ENSG00000223254
ENSG00000199459,ENSG00000199459
ENSG00000273264,ENSG00000273264
ENSG00000282057,ENSG00000282057
ENSG00000272691,ENSG00000272691
ENSG00000199934,ENSG00000199934
ENSG00000230285,ENSG00000230285
ENSG00000201620,ENSG00000201620
ENSG00000229505,ENSG00000229505
ENSG00000278281,ENSG00000278281
ENSG00000231349,ENSG00000231349
ENSG00000016602,ENSG00000016602
ENSG00000224466,ENSG00000224466
ENSG00000153923,ENSG00000153923
ENSG00000097033,ENSG00000097033
ENSG00000230721,ENSG00000230721
ENSG00000267734,ENSG00000267734
ENSG00000267561,ENSG00000267561
ENSG00000235251,ENSG00000235251
ENSG00000225568,ENSG00000225568
ENSG00000267272,ENSG00000267272
ENSG00000284240,ENSG00000284240
ENSG00000199318,ENSG00000199318
ENSG00000279778,ENSG00000279778
ENSG00000270507,ENSG00000270507
ENSG00000239504,ENSG00000239504
ENSG00000230053,ENSG00000230053
ENSG00000274321,ENSG00000274321
ENSG00000237959,ENSG00000237959
ENSG00000207234,ENSG00000207234
ENSG00000241975,ENSG00000241975
ENSG00000235308,ENSG00000235308
ENSG00000202385,ENSG00000202385
ENSG00000234518,ENSG00000234518
ENSG00000237568,ENSG00000237568
ENSG00000238081,ENSG00000238081
ENSG00000233235,ENSG00000233235
ENSG00000215874,ENSG00000215874
ENSG00000225492,ENSG00000225492
ENSG00000230735,ENSG00000230735
ENSG00000271949,ENSG00000271949
ENSG00000226394,ENSG00000226394
ENSG00000231613,ENSG00000231613
ENSG00000272931,ENSG00000272931
ENSG00000171492,ENSG00000171492
ENSG00000272672,ENSG00000272672
ENSG00000252797,ENSG00000252797
ENSG00000228175,ENSG00000228175
ENSG00000212459,ENSG00000212459
ENSG00000229201,ENSG00000229201
ENSG00000199666,ENSG00000199666
ENSG00000272094,ENSG00000272094
ENSG00000232882,ENSG00000232882
ENSG00000232393,ENSG00000232393
ENSG00000206817,ENSG00000206817
ENSG00000215873,ENSG00000215873
ENSG00000241318,ENSG00000241318
ENSG00000229067,ENSG00000229067
ENSG00000203914,ENSG00000203914
ENSG00000239794,ENSG00000239794
ENSG00000233228,ENSG00000233228
ENSG00000224678,ENSG00000224678
ENSG00000233401,ENSG00000233401
ENSG00000273487,ENSG00000273487
ENSG00000226773,ENSG00000226773
ENSG00000233125,ENSG00000233125
ENSG00000242764,ENSG00000242764
ENSG00000223787,ENSG00000223787
ENSG00000229992,ENSG00000229992
ENSG00000201317,ENSG00000201317
ENSG00000225505,ENSG00000225505
ENSG00000234202,ENSG00000234202
ENSG00000223896,ENSG00000223896
ENSG00000206680,ENSG00000206680
ENSG00000207523,ENSG00000207523
ENSG00000207022,ENSG00000207022
ENSG00000229052,ENSG00000229052
ENSG00000252121,ENSG00000252121
ENSG00000239710,ENSG00000239710
ENSG00000252752,ENSG00000252752
ENSG00000222664,ENSG00000222664
ENSG00000251837,ENSG00000251837
ENSG00000237003,ENSG00000237003
ENSG00000225297,ENSG00000225297
ENSG00000229567,ENSG00000229567
ENSG00000229635,ENSG00000229635
ENSG00000207379,ENSG00000207379
ENSG00000212601,ENSG00000212601
ENSG00000211575,ENSG00000211575
ENSG00000260464,ENSG00000260464
ENSG00000223490,ENSG00000223490
ENSG00000234099,ENSG00000234099
ENSG00000235794,ENSG00000235794
ENSG00000232752,ENSG00000232752
ENSG00000229842,ENSG00000229842
ENSG00000250890,ENSG00000250890
ENSG00000236689,ENSG00000236689
ENSG00000226960,ENSG00000226960
ENSG00000233129,ENSG00000233129
ENSG00000233482,ENSG00000233482
ENSG00000264963,ENSG00000264963
ENSG00000178596,ENSG00000178596
ENSG00000236098,ENSG00000236098
ENSG00000232918,ENSG00000232918
ENSG00000223675,ENSG00000223675
ENSG00000232857,ENSG00000232857
ENSG00000263526,ENSG00000263526
ENSG00000230427,ENSG00000230427
ENSG00000271092,ENSG00000271092
ENSG00000231992,ENSG00000231992
ENSG00000206679,ENSG00000206679
ENSG00000228852,ENSG00000228852
ENSG00000228504,ENSG00000228504
ENSG00000237954,ENSG00000237954
ENSG00000233907,ENSG00000233907
ENSG00000271252,ENSG00000271252
ENSG00000200800,ENSG00000200800
ENSG00000231987,ENSG00000231987
ENSG00000225923,ENSG00000225923
ENSG00000234422,ENSG00000234422
ENSG00000228502,ENSG00000228502
ENSG00000241992,ENSG00000241992
ENSG00000234226,ENSG00000234226
ENSG00000137970,ENSG00000137970
ENSG00000223229,ENSG00000223229
ENSG00000232878,ENSG00000232878
ENSG00000232542,ENSG00000232542
ENSG00000228057,ENSG00000228057
ENSG00000226128,ENSG00000226128
ENSG00000230718,ENSG00000230718
ENSG00000235777,ENSG00000235777
ENSG00000270911,ENSG00000270911
ENSG00000259946,ENSG00000259946
ENSG00000284247,ENSG00000284247
ENSG00000284202,ENSG00000284202
ENSG00000233557,ENSG00000233557
ENSG00000226053,ENSG00000226053
ENSG00000280040,ENSG00000280040
ENSG00000227034,ENSG00000227034
ENSG00000233983,ENSG00000233983
ENSG00000224445,ENSG00000224445
ENSG00000223656,ENSG00000223656
ENSG00000201491,ENSG00000201491
ENSG00000202254,ENSG00000202254
ENSG00000231996,ENSG00000231996
ENSG00000283761,ENSG00000283761
ENSG00000212248,ENSG00000212248
ENSG00000202259,ENSG00000202259
ENSG00000241073,ENSG00000241073
ENSG00000226952,ENSG00000226952
ENSG00000271415,ENSG00000271415
ENSG00000225169,ENSG00000225169
ENSG00000230287,ENSG00000230287
ENSG00000207750,ENSG00000207750
ENSG00000215871,ENSG00000215871
ENSG00000223906,ENSG00000223906
ENSG00000234332,ENSG00000234332
ENSG00000228086,ENSG00000228086
ENSG00000213421,ENSG00000213421
ENSG00000230402,ENSG00000230402
ENSG00000224685,ENSG00000224685
ENSG00000273204,ENSG00000273204
ENSG00000230946,ENSG00000230946
ENSG00000235795,ENSG00000235795
ENSG00000252765,ENSG00000252765
ENSG00000271578,ENSG00000271578
ENSG00000228399,ENSG00000228399
ENSG00000173810,ENSG00000173810
ENSG00000231671,ENSG00000231671
ENSG00000252530,ENSG00000252530
ENSG00000183298,ENSG00000183298
ENSG00000252717,ENSG00000252717
ENSG00000271277,ENSG00000271277
ENSG00000162699,ENSG00000162699
ENSG00000230864,ENSG00000230864
ENSG00000234257,ENSG00000234257
ENSG00000230759,ENSG00000230759
ENSG00000222069,ENSG00000222069
ENSG00000236085,ENSG00000236085
ENSG00000234441,ENSG00000234441
ENSG00000227408,ENSG00000227408
ENSG00000225191,ENSG00000225191
ENSG00000215869,ENSG00000215869
ENSG00000228347,ENSG00000228347
ENSG00000225036,ENSG00000225036
ENSG00000227850,ENSG00000227850
ENSG00000237897,ENSG00000237897
ENSG00000232952,ENSG00000232952
ENSG00000230932,ENSG00000230932
ENSG00000270342,ENSG00000270342
ENSG00000270976,ENSG00000270976
ENSG00000233449,ENSG00000233449
ENSG00000232551,ENSG00000232551
ENSG00000224550,ENSG00000224550
ENSG00000275455,ENSG00000275455
ENSG00000230489,ENSG00000230489
ENSG00000260879,ENSG00000260879
ENSG00000280186,ENSG00000280186
ENSG00000238122,ENSG00000238122
ENSG00000241361,ENSG00000241361
ENSG00000243967,ENSG00000243967
ENSG00000238118,ENSG00000238118
ENSG00000224698,ENSG00000224698
ENSG00000283354,ENSG00000283354
ENSG00000227832,ENSG00000227832
ENSG00000226483,ENSG00000226483
ENSG00000232971,ENSG00000232971
ENSG00000228076,ENSG00000228076
ENSG00000237349,ENSG00000237349
ENSG00000244716,ENSG00000244716
ENSG00000228665,ENSG00000228665
ENSG00000228054,ENSG00000228054
ENSG00000273382,ENSG00000273382
ENSG00000270066,ENSG00000270066
ENSG00000278249,ENSG00000278249
ENSG00000251484,ENSG00000251484
ENSG00000254942,ENSG00000254942
ENSG00000206832,ENSG00000206832
ENSG00000225113,ENSG00000225113
ENSG00000284443,ENSG00000284443
ENSG00000228703,ENSG00000228703
ENSG00000235045,ENSG00000235045
ENSG00000260246,ENSG00000260246
ENSG00000241720,ENSG00000241720
ENSG00000224927,ENSG00000224927
ENSG00000228420,ENSG00000228420
ENSG00000235005,ENSG00000235005
ENSG00000261055,ENSG00000261055
ENSG00000258634,ENSG00000258634
ENSG00000235526,ENSG00000235526
ENSG00000224965,ENSG00000224965
ENSG00000282852,ENSG00000282852
ENSG00000200536,ENSG00000200536
ENSG00000273373,ENSG00000273373
ENSG00000270380,ENSG00000270380
ENSG00000282887,ENSG00000282887
ENSG00000283999,ENSG00000283999
ENSG00000240194,ENSG00000240194
ENSG00000235407,ENSG00000235407
ENSG00000143105,ENSG00000143105
ENSG00000199710,ENSG00000199710
ENSG00000237415,ENSG00000237415
ENSG00000261654,ENSG00000261654
ENSG00000232811,ENSG00000232811
ENSG00000273010,ENSG00000273010
ENSG00000225672,ENSG00000225672
ENSG00000252760,ENSG00000252760
ENSG00000272982,ENSG00000272982
ENSG00000273221,ENSG00000273221
ENSG00000236040,ENSG00000236040
ENSG00000203878,ENSG00000203878
ENSG00000229283,ENSG00000229283
ENSG00000232240,ENSG00000232240
ENSG00000234020,ENSG00000234020
ENSG00000236012,ENSG00000236012
ENSG00000227179,ENSG00000227179
ENSG00000260948,ENSG00000260948
ENSG00000233337,ENSG00000233337
ENSG00000243960,ENSG00000243960
ENSG00000199890,ENSG00000199890
ENSG00000200360,ENSG00000200360
ENSG00000231346,ENSG00000231346
ENSG00000215867,ENSG00000215867
ENSG00000201028,ENSG00000201028
ENSG00000232558,ENSG00000232558
ENSG00000237556,ENSG00000237556
ENSG00000231437,ENSG00000231437
ENSG00000234388,ENSG00000234388
ENSG00000238761,ENSG00000238761
ENSG00000283296,ENSG00000283296
ENSG00000273483,ENSG00000273483
ENSG00000235299,ENSG00000235299
ENSG00000252750,ENSG00000252750
ENSG00000225075,ENSG00000225075
ENSG00000271810,ENSG00000271810
ENSG00000261595,ENSG00000261595
ENSG00000234790,ENSG00000234790
ENSG00000228040,ENSG00000228040
ENSG00000229020,ENSG00000229020
ENSG00000237278,ENSG00000237278
ENSG00000233839,ENSG00000233839
ENSG00000236887,ENSG00000236887
ENSG00000232499,ENSG00000232499
ENSG00000238256,ENSG00000238256
ENSG00000232450,ENSG00000232450
ENSG00000226167,ENSG00000226167
ENSG00000270780,ENSG00000270780
ENSG00000232895,ENSG00000232895
ENSG00000273698,ENSG00000273698
ENSG00000271419,ENSG00000271419
ENSG00000226984,ENSG00000226984
ENSG00000225650,ENSG00000225650
ENSG00000201114,ENSG00000201114
ENSG00000236480,ENSG00000236480
ENSG00000242769,ENSG00000242769
ENSG00000201900,ENSG00000201900
ENSG00000227970,ENSG00000227970
ENSG00000228035,ENSG00000228035
ENSG00000226973,ENSG00000226973
ENSG00000274468,ENSG00000274468
ENSG00000229101,ENSG00000229101
ENSG00000232185,ENSG00000232185
ENSG00000270631,ENSG00000270631
ENSG00000239984,ENSG00000239984
ENSG00000207502,ENSG00000207502
ENSG00000177551,ENSG00000177551
ENSG00000214204,ENSG00000214204
ENSG00000271143,ENSG00000271143
ENSG00000237993,ENSG00000237993
ENSG00000221040,ENSG00000221040
ENSG00000212385,ENSG00000212385
ENSG00000230381,ENSG00000230381
ENSG00000200547,ENSG00000200547
ENSG00000224950,ENSG00000224950
ENSG00000177173,ENSG00000177173
ENSG00000264419,ENSG00000264419
ENSG00000211543,ENSG00000211543
ENSG00000203864,ENSG00000203864
ENSG00000231072,ENSG00000231072
ENSG00000223489,ENSG00000223489
ENSG00000225079,ENSG00000225079
ENSG00000272715,ENSG00000272715
ENSG00000252510,ENSG00000252510
ENSG00000236137,ENSG00000236137
ENSG00000215930,ENSG00000215930
ENSG00000228453,ENSG00000228453
ENSG00000277141,ENSG00000277141
ENSG00000271427,ENSG00000271427
ENSG00000198162,ENSG00000198162
ENSG00000279513,ENSG00000279513
ENSG00000226755,ENSG00000226755
ENSG00000236866,ENSG00000236866
ENSG00000213262,ENSG00000213262
ENSG00000212266,ENSG00000212266
ENSG00000270719,ENSG00000270719
ENSG00000228217,ENSG00000228217
ENSG00000222209,ENSG00000222209
ENSG00000226126,ENSG00000226126
ENSG00000229911,ENSG00000229911
ENSG00000226172,ENSG00000226172
ENSG00000239216,ENSG00000239216
ENSG00000224238,ENSG00000224238
ENSG00000223575,ENSG00000223575
ENSG00000236804,ENSG00000236804
ENSG00000227056,ENSG00000227056
ENSG00000194297,ENSG00000194297
ENSG00000230921,ENSG00000230921
ENSG00000232780,ENSG00000232780
ENSG00000203858,ENSG00000203858
ENSG00000235595,ENSG00000235595
ENSG00000187481,ENSG00000187481
ENSG00000229570,ENSG00000229570
ENSG00000226443,ENSG00000226443
ENSG00000249798,ENSG00000249798
ENSG00000239873,ENSG00000239873
ENSG00000203855,ENSG00000203855
ENSG00000240244,ENSG00000240244
ENSG00000260941,ENSG00000260941
ENSG00000198857,ENSG00000198857
ENSG00000227205,ENSG00000227205
ENSG00000226446,ENSG00000226446
ENSG00000273406,ENSG00000273406
ENSG00000207149,ENSG00000207149
ENSG00000274642,ENSG00000274642
ENSG00000277313,ENSG00000277313
ENSG00000223804,ENSG00000223804
ENSG00000273727,ENSG00000273727
ENSG00000270392,ENSG00000270392
ENSG00000273694,ENSG00000273694
ENSG00000275933,ENSG00000275933
ENSG00000275538,ENSG00000275538
ENSG00000281741,ENSG00000281741
ENSG00000277610,ENSG00000277610
ENSG00000275585,ENSG00000275585
ENSG00000273516,ENSG00000273516
ENSG00000275296,ENSG00000275296
ENSG00000234998,ENSG00000234998
ENSG00000233029,ENSG00000233029
ENSG00000227193,ENSG00000227193
ENSG00000213244,ENSG00000213244
ENSG00000268993,ENSG00000268993
ENSG00000188610,ENSG00000188610
ENSG00000275129,ENSG00000275129
ENSG00000230806,ENSG00000230806
ENSG00000233432,ENSG00000233432
ENSG00000224857,ENSG00000224857
ENSG00000276118,ENSG00000276118
ENSG00000277095,ENSG00000277095
ENSG00000277702,ENSG00000277702
ENSG00000252830,ENSG00000252830
ENSG00000264145,ENSG00000264145
ENSG00000274927,ENSG00000274927
ENSG00000242943,ENSG00000242943
ENSG00000223495,ENSG00000223495
ENSG00000235887,ENSG00000235887
ENSG00000203825,ENSG00000203825
ENSG00000179571,ENSG00000179571
ENSG00000226028,ENSG00000226028
ENSG00000202167,ENSG00000202167
ENSG00000207349,ENSG00000207349
ENSG00000252826,ENSG00000252826
ENSG00000206737,ENSG00000206737
ENSG00000242352,ENSG00000242352
ENSG00000270962,ENSG00000270962
ENSG00000263590,ENSG00000263590
ENSG00000252105,ENSG00000252105
ENSG00000233430,ENSG00000233430
ENSG00000237503,ENSG00000237503
ENSG00000265531,ENSG00000265531
ENSG00000230186,ENSG00000230186
ENSG00000268074,ENSG00000268074
ENSG00000270872,ENSG00000270872
ENSG00000276674,ENSG00000276674
ENSG00000275075,ENSG00000275075
ENSG00000275767,ENSG00000275767
ENSG00000276442,ENSG00000276442
ENSG00000175658,ENSG00000175658
ENSG00000276756,ENSG00000276756
ENSG00000271439,ENSG00000271439
ENSG00000207205,ENSG00000207205
ENSG00000237343,ENSG00000237343
ENSG00000233586,ENSG00000233586
ENSG00000227212,ENSG00000227212
ENSG00000229002,ENSG00000229002
ENSG00000275291,ENSG00000275291
ENSG00000278099,ENSG00000278099
ENSG00000277918,ENSG00000277918
ENSG00000277199,ENSG00000277199
ENSG00000224363,ENSG00000224363
ENSG00000278273,ENSG00000278273
ENSG00000222854,ENSG00000222854
ENSG00000273825,ENSG00000273825
ENSG00000271644,ENSG00000271644
ENSG00000283752,ENSG00000283752
ENSG00000272419,ENSG00000272419
ENSG00000277678,ENSG00000277678
ENSG00000281571,ENSG00000281571
ENSG00000223612,ENSG00000223612
ENSG00000271291,ENSG00000271291
ENSG00000276216,ENSG00000276216
ENSG00000207501,ENSG00000207501
ENSG00000236140,ENSG00000236140
ENSG00000234367,ENSG00000234367
ENSG00000270384,ENSG00000270384
ENSG00000270722,ENSG00000270722
ENSG00000278182,ENSG00000278182
ENSG00000275064,ENSG00000275064
ENSG00000272150,ENSG00000272150
ENSG00000278549,ENSG00000278549
ENSG00000244619,ENSG00000244619
ENSG00000234222,ENSG00000234222
ENSG00000280778,ENSG00000280778
ENSG00000278431,ENSG00000278431
ENSG00000201558,ENSG00000201558
ENSG00000276509,ENSG00000276509
ENSG00000201789,ENSG00000201789
ENSG00000271121,ENSG00000271121
ENSG00000273768,ENSG00000273768
ENSG00000274428,ENSG00000274428
ENSG00000277655,ENSG00000277655
ENSG00000274408,ENSG00000274408
ENSG00000274450,ENSG00000274450
ENSG00000244371,ENSG00000244371
ENSG00000234225,ENSG00000234225
ENSG00000227242,ENSG00000227242
ENSG00000225603,ENSG00000225603
ENSG00000201142,ENSG00000201142
ENSG00000230832,ENSG00000230832
ENSG00000283342,ENSG00000283342
ENSG00000226015,ENSG00000226015
ENSG00000236806,ENSG00000236806
ENSG00000278811,ENSG00000278811
ENSG00000213226,ENSG00000213226
ENSG00000207209,ENSG00000207209
ENSG00000272443,ENSG00000272443
ENSG00000272480,ENSG00000272480
ENSG00000277762,ENSG00000277762
ENSG00000227139,ENSG00000227139
ENSG00000274415,ENSG00000274415
ENSG00000234190,ENSG00000234190
ENSG00000223728,ENSG00000223728
ENSG00000273059,ENSG00000273059
ENSG00000206791,ENSG00000206791
ENSG00000206585,ENSG00000206585
ENSG00000229828,ENSG00000229828
ENSG00000225080,ENSG00000225080
ENSG00000198658,ENSG00000198658
ENSG00000238765,ENSG00000238765
ENSG00000224335,ENSG00000224335
ENSG00000227700,ENSG00000227700
ENSG00000199879,ENSG00000199879
ENSG00000234283,ENSG00000234283
ENSG00000228626,ENSG00000228626
ENSG00000238107,ENSG00000238107
ENSG00000235988,ENSG00000235988
ENSG00000252744,ENSG00000252744
ENSG00000283676,ENSG00000283676
ENSG00000202408,ENSG00000202408
ENSG00000272824,ENSG00000272824
ENSG00000207340,ENSG00000207340
ENSG00000252135,ENSG00000252135
ENSG00000278596,ENSG00000278596
ENSG00000238825,ENSG00000238825
ENSG00000231551,ENSG00000231551
ENSG00000201183,ENSG00000201183
ENSG00000225871,ENSG00000225871
ENSG00000280649,ENSG00000280649
ENSG00000274210,ENSG00000274210
ENSG00000252515,ENSG00000252515
ENSG00000275140,ENSG00000275140
ENSG00000271546,ENSG00000271546
ENSG00000252656,ENSG00000252656
ENSG00000222788,ENSG00000222788
ENSG00000254913,ENSG00000254913
ENSG00000255148,ENSG00000255148
ENSG00000254539,ENSG00000254539
ENSG00000274019,ENSG00000274019
ENSG00000201699,ENSG00000201699
ENSG00000272755,ENSG00000272755
ENSG00000273591,ENSG00000273591
ENSG00000274423,ENSG00000274423
ENSG00000275557,ENSG00000275557
ENSG00000206828,ENSG00000206828
ENSG00000234232,ENSG00000234232
ENSG00000275229,ENSG00000275229
ENSG00000226500,ENSG00000226500
ENSG00000233030,ENSG00000233030
ENSG00000264207,ENSG00000264207
ENSG00000223945,ENSG00000223945
ENSG00000266187,ENSG00000266187
ENSG00000222222,ENSG00000222222
ENSG00000276110,ENSG00000276110
ENSG00000283933,ENSG00000283933
ENSG00000228126,ENSG00000228126
ENSG00000237781,ENSG00000237781
ENSG00000264553,ENSG00000264553
ENSG00000277452,ENSG00000277452
ENSG00000274963,ENSG00000274963
ENSG00000253047,ENSG00000253047
ENSG00000276103,ENSG00000276103
ENSG00000206931,ENSG00000206931
ENSG00000236713,ENSG00000236713
ENSG00000224690,ENSG00000224690
ENSG00000200175,ENSG00000200175
ENSG00000224800,ENSG00000224800
ENSG00000283324,ENSG00000283324
ENSG00000229357,ENSG00000229357
ENSG00000259357,ENSG00000259357
ENSG00000231073,ENSG00000231073
ENSG00000200759,ENSG00000200759
ENSG00000233717,ENSG00000233717
ENSG00000261168,ENSG00000261168
ENSG00000265753,ENSG00000265753
ENSG00000273481,ENSG00000273481
ENSG00000224645,ENSG00000224645
ENSG00000238711,ENSG00000238711
ENSG00000252840,ENSG00000252840
ENSG00000232536,ENSG00000232536
ENSG00000207606,ENSG00000207606
ENSG00000223861,ENSG00000223861
ENSG00000250734,ENSG00000250734
ENSG00000206635,ENSG00000206635
ENSG00000227045,ENSG00000227045
ENSG00000206980,ENSG00000206980
ENSG00000269621,ENSG00000269621
ENSG00000236940,ENSG00000236940
ENSG00000249602,ENSG00000249602
ENSG00000232937,ENSG00000232937
ENSG00000268288,ENSG00000268288
ENSG00000269489,ENSG00000269489
ENSG00000201134,ENSG00000201134
ENSG00000234614,ENSG00000234614
ENSG00000223810,ENSG00000223810
ENSG00000229021,ENSG00000229021
ENSG00000240667,ENSG00000240667
ENSG00000232678,ENSG00000232678
ENSG00000226716,ENSG00000226716
ENSG00000233792,ENSG00000233792
ENSG00000215853,ENSG00000215853
ENSG00000236427,ENSG00000236427
ENSG00000143520,ENSG00000143520
ENSG00000183586,ENSG00000183586
ENSG00000143536,ENSG00000143536
ENSG00000187238,ENSG00000187238
ENSG00000185962,ENSG00000185962
ENSG00000226947,ENSG00000226947
ENSG00000198854,ENSG00000198854
ENSG00000229713,ENSG00000229713
ENSG00000233819,ENSG00000233819
ENSG00000224308,ENSG00000224308
ENSG00000252920,ENSG00000252920
ENSG00000234262,ENSG00000234262
ENSG00000229035,ENSG00000229035
ENSG00000229699,ENSG00000229699
ENSG00000230779,ENSG00000230779
ENSG00000207321,ENSG00000207321
ENSG00000237008,ENSG00000237008
ENSG00000224784,ENSG00000224784
ENSG00000203781,ENSG00000203781
ENSG00000263841,ENSG00000263841
ENSG00000271853,ENSG00000271853
ENSG00000272030,ENSG00000272030
ENSG00000274940,ENSG00000274940
ENSG00000242565,ENSG00000242565
ENSG00000235015,ENSG00000235015
ENSG00000199565,ENSG00000199565
ENSG00000243613,ENSG00000243613
ENSG00000233222,ENSG00000233222
ENSG00000207039,ENSG00000207039
ENSG00000223599,ENSG00000223599
ENSG00000236327,ENSG00000236327
ENSG00000276584,ENSG00000276584
ENSG00000282386,ENSG00000282386
ENSG00000273026,ENSG00000273026
ENSG00000143552,ENSG00000143552
ENSG00000231416,ENSG00000231416
ENSG00000200220,ENSG00000200220
ENSG00000231837,ENSG00000231837
ENSG00000263987,ENSG00000263987
ENSG00000264384,ENSG00000264384
ENSG00000215938,ENSG00000215938
ENSG00000201129,ENSG00000201129
ENSG00000252682,ENSG00000252682
ENSG00000212292,ENSG00000212292
ENSG00000222457,ENSG00000222457
ENSG00000278694,ENSG00000278694
ENSG00000238365,ENSG00000238365
ENSG00000237920,ENSG00000237920
ENSG00000226855,ENSG00000226855
ENSG00000228013,ENSG00000228013
ENSG00000228264,ENSG00000228264
ENSG00000273110,ENSG00000273110
ENSG00000163239,ENSG00000163239
ENSG00000229780,ENSG00000229780
ENSG00000233875,ENSG00000233875
ENSG00000270361,ENSG00000270361
ENSG00000268154,ENSG00000268154
ENSG00000271380,ENSG00000271380
ENSG00000160691,ENSG00000160691
ENSG00000264349,ENSG00000264349
ENSG00000163357,ENSG00000163357
ENSG00000232093,ENSG00000232093
ENSG00000251246,ENSG00000251246
ENSG00000202027,ENSG00000202027
ENSG00000223452,ENSG00000223452
ENSG00000273088,ENSG00000273088
ENSG00000284586,ENSG00000284586
ENSG00000169231,ENSG00000169231
ENSG00000236263,ENSG00000236263
ENSG00000236675,ENSG00000236675
ENSG00000283701,ENSG00000283701
ENSG00000207134,ENSG00000207134
ENSG00000227773,ENSG00000227773
ENSG00000207144,ENSG00000207144
ENSG00000237872,ENSG00000237872
ENSG00000271267,ENSG00000271267
ENSG00000225082,ENSG00000225082
ENSG00000223503,ENSG00000223503
ENSG00000232519,ENSG00000232519
ENSG00000246203,ENSG00000246203
ENSG00000227673,ENSG00000227673
ENSG00000203761,ENSG00000203761
ENSG00000234937,ENSG00000234937
ENSG00000283442,ENSG00000283442
ENSG00000207475,ENSG00000207475
ENSG00000280466,ENSG00000280466
ENSG00000281394,ENSG00000281394
ENSG00000277817,ENSG00000277817
ENSG00000273002,ENSG00000273002
ENSG00000224276,ENSG00000224276
ENSG00000252236,ENSG00000252236
ENSG00000260238,ENSG00000260238
ENSG00000160783,ENSG00000160783
ENSG00000198952,ENSG00000198952
ENSG00000237390,ENSG00000237390
ENSG00000207933,ENSG00000207933
ENSG00000206651,ENSG00000206651
ENSG00000260460,ENSG00000260460
ENSG00000272971,ENSG00000272971
ENSG00000272068,ENSG00000272068
ENSG00000272405,ENSG00000272405
ENSG00000229953,ENSG00000229953
ENSG00000237588,ENSG00000237588
ENSG00000223356,ENSG00000223356
ENSG00000143314,ENSG00000143314
ENSG00000211581,ENSG00000211581
ENSG00000266160,ENSG00000266160
ENSG00000237842,ENSG00000237842
ENSG00000224520,ENSG00000224520
ENSG00000235700,ENSG00000235700
ENSG00000228239,ENSG00000228239
ENSG00000236731,ENSG00000236731
ENSG00000227217,ENSG00000227217
ENSG00000231700,ENSG00000231700
ENSG00000232366,ENSG00000232366
ENSG00000227425,ENSG00000227425
ENSG00000236957,ENSG00000236957
ENSG00000226520,ENSG00000226520
ENSG00000227295,ENSG00000227295
ENSG00000229914,ENSG00000229914
ENSG00000176320,ENSG00000176320
ENSG00000230942,ENSG00000230942
ENSG00000186306,ENSG00000186306
ENSG00000203758,ENSG00000203758
ENSG00000236257,ENSG00000236257
ENSG00000236656,ENSG00000236656
ENSG00000198703,ENSG00000198703
ENSG00000227445,ENSG00000227445
ENSG00000231434,ENSG00000231434
ENSG00000279111,ENSG00000279111
ENSG00000231237,ENSG00000231237
ENSG00000196171,ENSG00000196171
ENSG00000180437,ENSG00000180437
ENSG00000226949,ENSG00000226949
ENSG00000180433,ENSG00000180433
ENSG00000229724,ENSG00000229724
ENSG00000180409,ENSG00000180409
ENSG00000229849,ENSG00000229849
ENSG00000233473,ENSG00000233473
ENSG00000222552,ENSG00000222552
ENSG00000225670,ENSG00000225670
ENSG00000215846,ENSG00000215846
ENSG00000248642,ENSG00000248642
ENSG00000228560,ENSG00000228560
ENSG00000248442,ENSG00000248442
ENSG00000251686,ENSG00000251686
ENSG00000249197,ENSG00000249197
ENSG00000249730,ENSG00000249730
ENSG00000224943,ENSG00000224943
ENSG00000184155,ENSG00000184155
ENSG00000231100,ENSG00000231100
ENSG00000271890,ENSG00000271890
ENSG00000158731,ENSG00000158731
ENSG00000276632,ENSG00000276632
ENSG00000223603,ENSG00000223603
ENSG00000132693,ENSG00000132693
ENSG00000235226,ENSG00000235226
ENSG00000212161,ENSG00000212161
ENSG00000243284,ENSG00000243284
ENSG00000266458,ENSG00000266458
ENSG00000279430,ENSG00000279430
ENSG00000273933,ENSG00000273933
ENSG00000237409,ENSG00000237409
ENSG00000227741,ENSG00000227741
ENSG00000224261,ENSG00000224261
ENSG00000235082,ENSG00000235082
ENSG00000202078,ENSG00000202078
ENSG00000201608,ENSG00000201608
ENSG00000234425,ENSG00000234425
ENSG00000235101,ENSG00000235101
ENSG00000228863,ENSG00000228863
ENSG00000275801,ENSG00000275801
ENSG00000274562,ENSG00000274562
ENSG00000226003,ENSG00000226003
ENSG00000213080,ENSG00000213080
ENSG00000232188,ENSG00000232188
ENSG00000198358,ENSG00000198358
ENSG00000233691,ENSG00000233691
ENSG00000270149,ENSG00000270149
ENSG00000232879,ENSG00000232879
ENSG00000158773,ENSG00000158773
ENSG00000228917,ENSG00000228917
ENSG00000238934,ENSG00000238934
ENSG00000224985,ENSG00000224985
ENSG00000158874,ENSG00000158874
ENSG00000284035,ENSG00000284035
ENSG00000236484,ENSG00000236484
ENSG00000283696,ENSG00000283696
ENSG00000206921,ENSG00000206921
ENSG00000283360,ENSG00000283360
ENSG00000215840,ENSG00000215840
ENSG00000277882,ENSG00000277882
ENSG00000283317,ENSG00000283317
ENSG00000273112,ENSG00000273112
ENSG00000224203,ENSG00000224203
ENSG00000224515,ENSG00000224515
ENSG00000225217,ENSG00000225217
ENSG00000231586,ENSG00000231586
ENSG00000234211,ENSG00000234211
ENSG00000213075,ENSG00000213075
ENSG00000199595,ENSG00000199595
ENSG00000241347,ENSG00000241347
ENSG00000229808,ENSG00000229808
ENSG00000227818,ENSG00000227818
ENSG00000266144,ENSG00000266144
ENSG00000227094,ENSG00000227094
ENSG00000252262,ENSG00000252262
ENSG00000207729,ENSG00000207729
ENSG00000227243,ENSG00000227243
ENSG00000227941,ENSG00000227941
ENSG00000259788,ENSG00000259788
ENSG00000272574,ENSG00000272574
ENSG00000243173,ENSG00000243173
ENSG00000230739,ENSG00000230739
ENSG00000227667,ENSG00000227667
ENSG00000232892,ENSG00000232892
ENSG00000225755,ENSG00000225755
ENSG00000232995,ENSG00000232995
ENSG00000237756,ENSG00000237756
ENSG00000225122,ENSG00000225122
ENSG00000200327,ENSG00000200327
ENSG00000212527,ENSG00000212527
ENSG00000228289,ENSG00000228289
ENSG00000212538,ENSG00000212538
ENSG00000225719,ENSG00000225719
ENSG00000199849,ENSG00000199849
ENSG00000213070,ENSG00000213070
ENSG00000207082,ENSG00000207082
ENSG00000269887,ENSG00000269887
ENSG00000276359,ENSG00000276359
ENSG00000233693,ENSG00000233693
ENSG00000271917,ENSG00000271917
ENSG00000201987,ENSG00000201987
ENSG00000225487,ENSG00000225487
ENSG00000201270,ENSG00000201270
ENSG00000162761,ENSG00000162761
ENSG00000224702,ENSG00000224702
ENSG00000230748,ENSG00000230748
ENSG00000237783,ENSG00000237783
ENSG00000206990,ENSG00000206990
ENSG00000230175,ENSG00000230175
ENSG00000225272,ENSG00000225272
ENSG00000215838,ENSG00000215838
ENSG00000273365,ENSG00000273365
ENSG00000224358,ENSG00000224358
ENSG00000230659,ENSG00000230659
ENSG00000283936,ENSG00000283936
ENSG00000271527,ENSG00000271527
ENSG00000226292,ENSG00000226292
ENSG00000207341,ENSG00000207341
ENSG00000203307,ENSG00000203307
ENSG00000230898,ENSG00000230898
ENSG00000215952,ENSG00000215952
ENSG00000215835,ENSG00000215835
ENSG00000225325,ENSG00000225325
ENSG00000230231,ENSG00000230231
ENSG00000238087,ENSG00000238087
ENSG00000234984,ENSG00000234984
ENSG00000232341,ENSG00000232341
ENSG00000232148,ENSG00000232148
ENSG00000232223,ENSG00000232223
ENSG00000225171,ENSG00000225171
ENSG00000200036,ENSG00000200036
ENSG00000227907,ENSG00000227907
ENSG00000213068,ENSG00000213068
ENSG00000272033,ENSG00000272033
ENSG00000233411,ENSG00000233411
ENSG00000273160,ENSG00000273160
ENSG00000227776,ENSG00000227776
ENSG00000231029,ENSG00000231029
ENSG00000241666,ENSG00000241666
ENSG00000250762,ENSG00000250762
ENSG00000232194,ENSG00000232194
ENSG00000221545,ENSG00000221545
ENSG00000224837,ENSG00000224837
ENSG00000237049,ENSG00000237049
ENSG00000237131,ENSG00000237131
ENSG00000214262,ENSG00000214262
ENSG00000206880,ENSG00000206880
ENSG00000227722,ENSG00000227722
ENSG00000207974,ENSG00000207974
ENSG00000283255,ENSG00000283255
ENSG00000215833,ENSG00000215833
ENSG00000227777,ENSG00000227777
ENSG00000229757,ENSG00000229757
ENSG00000235736,ENSG00000235736
ENSG00000229612,ENSG00000229612
ENSG00000203601,ENSG00000203601
ENSG00000213063,ENSG00000213063
ENSG00000252987,ENSG00000252987
ENSG00000237707,ENSG00000237707
ENSG00000235575,ENSG00000235575
ENSG00000234604,ENSG00000234604
ENSG00000230704,ENSG00000230704
ENSG00000239494,ENSG00000239494
ENSG00000243051,ENSG00000243051
ENSG00000235378,ENSG00000235378
ENSG00000232959,ENSG00000232959
ENSG00000224896,ENSG00000224896
ENSG00000263390,ENSG00000263390
ENSG00000283340,ENSG00000283340
ENSG00000238051,ENSG00000238051
ENSG00000226967,ENSG00000226967
ENSG00000225545,ENSG00000225545
ENSG00000235303,ENSG00000235303
ENSG00000271811,ENSG00000271811
ENSG00000226552,ENSG00000226552
ENSG00000221390,ENSG00000221390
ENSG00000283598,ENSG00000283598
ENSG00000117507,ENSG00000117507
ENSG00000225243,ENSG00000225243
ENSG00000206692,ENSG00000206692
ENSG00000230547,ENSG00000230547
ENSG00000268062,ENSG00000268062
ENSG00000239428,ENSG00000239428
ENSG00000234333,ENSG00000234333
ENSG00000233328,ENSG00000233328
ENSG00000230364,ENSG00000230364
ENSG00000232261,ENSG00000232261
ENSG00000271459,ENSG00000271459
ENSG00000236741,ENSG00000236741
ENSG00000253060,ENSG00000253060
ENSG00000213060,ENSG00000213060
ENSG00000224600,ENSG00000224600
ENSG00000233540,ENSG00000233540
ENSG00000283844,ENSG00000283844
ENSG00000283152,ENSG00000283152
ENSG00000208024,ENSG00000208024
ENSG00000206684,ENSG00000206684
ENSG00000251943,ENSG00000251943
ENSG00000229785,ENSG00000229785
ENSG00000279061,ENSG00000279061
ENSG00000224228,ENSG00000224228
ENSG00000227177,ENSG00000227177
ENSG00000224000,ENSG00000224000
ENSG00000230849,ENSG00000230849
ENSG00000226375,ENSG00000226375
ENSG00000232751,ENSG00000232751
ENSG00000231615,ENSG00000231615
ENSG00000238272,ENSG00000238272
ENSG00000225591,ENSG00000225591
ENSG00000200674,ENSG00000200674
ENSG00000252357,ENSG00000252357
ENSG00000252231,ENSG00000252231
ENSG00000200755,ENSG00000200755
ENSG00000236535,ENSG00000236535
ENSG00000225713,ENSG00000225713
ENSG00000237317,ENSG00000237317
ENSG00000223828,ENSG00000223828
ENSG00000231378,ENSG00000231378
ENSG00000237249,ENSG00000237249
ENSG00000223525,ENSG00000223525
ENSG00000235869,ENSG00000235869
ENSG00000252552,ENSG00000252552
ENSG00000120333,ENSG00000120333
ENSG00000206659,ENSG00000206659
ENSG00000181101,ENSG00000181101
ENSG00000230687,ENSG00000230687
ENSG00000233946,ENSG00000233946
ENSG00000260990,ENSG00000260990
ENSG00000235628,ENSG00000235628
ENSG00000224718,ENSG00000224718
ENSG00000230777,ENSG00000230777
ENSG00000252906,ENSG00000252906
ENSG00000228686,ENSG00000228686
ENSG00000273629,ENSG00000273629
ENSG00000232463,ENSG00000232463
ENSG00000253025,ENSG00000253025
ENSG00000227815,ENSG00000227815
ENSG00000231020,ENSG00000231020
ENSG00000225904,ENSG00000225904
ENSG00000237514,ENSG00000237514
ENSG00000202609,ENSG00000202609
ENSG00000254154,ENSG00000254154
ENSG00000276563,ENSG00000276563
ENSG00000270575,ENSG00000270575
ENSG00000213058,ENSG00000213058
ENSG00000264809,ENSG00000264809
ENSG00000213057,ENSG00000213057
ENSG00000201347,ENSG00000201347
ENSG00000273384,ENSG00000273384
ENSG00000266417,ENSG00000266417
ENSG00000273062,ENSG00000273062
ENSG00000228196,ENSG00000228196
ENSG00000201791,ENSG00000201791
ENSG00000232750,ENSG00000232750
ENSG00000234041,ENSG00000234041
ENSG00000231905,ENSG00000231905
ENSG00000212338,ENSG00000212338
ENSG00000201619,ENSG00000201619
ENSG00000231564,ENSG00000231564
ENSG00000225711,ENSG00000225711
ENSG00000223794,ENSG00000223794
ENSG00000228191,ENSG00000228191
ENSG00000224620,ENSG00000224620
ENSG00000236539,ENSG00000236539
ENSG00000261250,ENSG00000261250
ENSG00000251875,ENSG00000251875
ENSG00000227141,ENSG00000227141
ENSG00000261060,ENSG00000261060
ENSG00000229407,ENSG00000229407
ENSG00000231966,ENSG00000231966
ENSG00000272906,ENSG00000272906
ENSG00000264916,ENSG00000264916
ENSG00000261831,ENSG00000261831
ENSG00000235145,ENSG00000235145
ENSG00000223450,ENSG00000223450
ENSG00000261817,ENSG00000261817
ENSG00000235060,ENSG00000235060
ENSG00000265435,ENSG00000265435
ENSG00000206905,ENSG00000206905
ENSG00000283575,ENSG00000283575
ENSG00000225857,ENSG00000225857
ENSG00000243155,ENSG00000243155
ENSG00000232586,ENSG00000232586
ENSG00000251520,ENSG00000251520
ENSG00000270711,ENSG00000270711
ENSG00000237292,ENSG00000237292
ENSG00000225359,ENSG00000225359
ENSG00000179452,ENSG00000179452
ENSG00000273573,ENSG00000273573
ENSG00000252977,ENSG00000252977
ENSG00000222397,ENSG00000222397
ENSG00000224810,ENSG00000224810
ENSG00000225982,ENSG00000225982
ENSG00000232096,ENSG00000232096
ENSG00000206764,ENSG00000206764
ENSG00000228664,ENSG00000228664
ENSG00000231684,ENSG00000231684
ENSG00000203729,ENSG00000203729
ENSG00000270443,ENSG00000270443
ENSG00000233537,ENSG00000233537
ENSG00000135828,ENSG00000135828
ENSG00000276839,ENSG00000276839
ENSG00000261504,ENSG00000261504
ENSG00000227181,ENSG00000227181
ENSG00000271269,ENSG00000271269
ENSG00000224040,ENSG00000224040
ENSG00000199837,ENSG00000285609
ENSG00000226570,ENSG00000226570
ENSG00000176855,ENSG00000176855
ENSG00000207472,ENSG00000207472
ENSG00000224468,ENSG00000224468
ENSG00000233562,ENSG00000233562
ENSG00000270994,ENSG00000270994
ENSG00000227554,ENSG00000227554
ENSG00000199840,ENSG00000199840
ENSG00000207080,ENSG00000207080
ENSG00000231791,ENSG00000231791
ENSG00000244568,ENSG00000244568
ENSG00000271387,ENSG00000271387
ENSG00000230470,ENSG00000230470
ENSG00000232036,ENSG00000232036
ENSG00000252222,ENSG00000252222
ENSG00000201312,ENSG00000201312
ENSG00000232792,ENSG00000232792
ENSG00000231084,ENSG00000231084
ENSG00000213051,ENSG00000213051
ENSG00000201421,ENSG00000201421
ENSG00000206640,ENSG00000206640
ENSG00000233583,ENSG00000233583
ENSG00000252612,ENSG00000252612
ENSG00000238061,ENSG00000238061
ENSG00000279838,ENSG00000279838
ENSG00000273004,ENSG00000273004
ENSG00000252407,ENSG00000252407
ENSG00000270920,ENSG00000270920
ENSG00000279401,ENSG00000279401
ENSG00000207108,ENSG00000207108
ENSG00000201596,ENSG00000201596
ENSG00000224691,ENSG00000224691
ENSG00000202025,ENSG00000202025
ENSG00000273198,ENSG00000273198
ENSG00000228238,ENSG00000228238
ENSG00000233196,ENSG00000233196
ENSG00000271558,ENSG00000271558
ENSG00000225462,ENSG00000225462
ENSG00000274702,ENSG00000274702
ENSG00000236401,ENSG00000236401
ENSG00000223847,ENSG00000223847
ENSG00000150732,ENSG00000150732
ENSG00000222240,ENSG00000222240
ENSG00000261182,ENSG00000261182
ENSG00000224278,ENSG00000224278
ENSG00000225006,ENSG00000225006
ENSG00000235083,ENSG00000235083
ENSG00000231022,ENSG00000231022
ENSG00000271036,ENSG00000271036
ENSG00000226196,ENSG00000226196
ENSG00000252553,ENSG00000252553
ENSG00000232212,ENSG00000232212
ENSG00000238270,ENSG00000238270
ENSG00000230987,ENSG00000230987
ENSG00000225811,ENSG00000225811
ENSG00000237457,ENSG00000237457
ENSG00000241505,ENSG00000241505
ENSG00000231175,ENSG00000231175
ENSG00000236025,ENSG00000236025
ENSG00000238108,ENSG00000238108
ENSG00000228020,ENSG00000228020
ENSG00000261642,ENSG00000261642
ENSG00000271187,ENSG00000271187
ENSG00000233882,ENSG00000233882
ENSG00000223344,ENSG00000223344
ENSG00000226723,ENSG00000226723
ENSG00000236792,ENSG00000236792
ENSG00000253148,ENSG00000253148
ENSG00000283795,ENSG00000283795
ENSG00000228687,ENSG00000228687
ENSG00000226814,ENSG00000226814
ENSG00000223075,ENSG00000223075
ENSG00000234473,ENSG00000234473
ENSG00000238754,ENSG00000238754
ENSG00000221680,ENSG00000221680
ENSG00000276735,ENSG00000276735
ENSG00000226640,ENSG00000226640
ENSG00000237011,ENSG00000237011
ENSG00000237213,ENSG00000237213
ENSG00000233057,ENSG00000233057
ENSG00000231714,ENSG00000231714
ENSG00000251813,ENSG00000251813
ENSG00000228167,ENSG00000228167
ENSG00000265986,ENSG00000265986
ENSG00000273844,ENSG00000273844
ENSG00000235748,ENSG00000235748
ENSG00000237861,ENSG00000237861
ENSG00000221879,ENSG00000221879
ENSG00000230260,ENSG00000230260
ENSG00000207139,ENSG00000207139
ENSG00000213046,ENSG00000213046
ENSG00000235582,ENSG00000235582
ENSG00000233040,ENSG00000233040
ENSG00000224901,ENSG00000224901
ENSG00000232824,ENSG00000232824
ENSG00000261573,ENSG00000261573
ENSG00000236278,ENSG00000236278
ENSG00000207975,ENSG00000207975
ENSG00000207759,ENSG00000207759
ENSG00000227747,ENSG00000227747
ENSG00000233410,ENSG00000233410
ENSG00000235492,ENSG00000235492
ENSG00000231718,ENSG00000231718
ENSG00000228190,ENSG00000228190
ENSG00000236468,ENSG00000236468
ENSG00000231984,ENSG00000231984
ENSG00000228530,ENSG00000228530
ENSG00000200139,ENSG00000200139
ENSG00000229747,ENSG00000229747
ENSG00000202491,ENSG00000202491
ENSG00000202329,ENSG00000202329
ENSG00000252860,ENSG00000252860
ENSG00000229220,ENSG00000229220
ENSG00000233827,ENSG00000233827
ENSG00000273093,ENSG00000273093
ENSG00000213045,ENSG00000213045
ENSG00000282849,ENSG00000282849
ENSG00000260088,ENSG00000260088
ENSG00000231333,ENSG00000231333
ENSG00000233217,ENSG00000233217
ENSG00000201032,ENSG00000201032
ENSG00000229191,ENSG00000229191
ENSG00000234132,ENSG00000234132
ENSG00000229821,ENSG00000229821
ENSG00000282221,ENSG00000282221
ENSG00000227048,ENSG00000227048
ENSG00000224818,ENSG00000224818
ENSG00000224536,ENSG00000224536
ENSG00000236390,ENSG00000236390
ENSG00000231871,ENSG00000231871
ENSG00000264802,ENSG00000264802
ENSG00000235121,ENSG00000235121
ENSG00000200942,ENSG00000200942
ENSG00000221028,ENSG00000221028
ENSG00000277681,ENSG00000277681
ENSG00000223774,ENSG00000223774
ENSG00000206637,ENSG00000206637
ENSG00000238003,ENSG00000238003
ENSG00000275207,ENSG00000275207
ENSG00000249007,ENSG00000249007
ENSG00000232296,ENSG00000232296
ENSG00000235811,ENSG00000235811
ENSG00000212512,ENSG00000212512
ENSG00000227109,ENSG00000227109
ENSG00000229120,ENSG00000229120
ENSG00000272262,ENSG00000272262
ENSG00000232626,ENSG00000232626
ENSG00000236439,ENSG00000236439
ENSG00000253042,ENSG00000253042
ENSG00000226862,ENSG00000226862
ENSG00000225620,ENSG00000225620
ENSG00000235449,ENSG00000235449
ENSG00000226148,ENSG00000226148
ENSG00000260021,ENSG00000260021
ENSG00000234996,ENSG00000234996
ENSG00000230280,ENSG00000230280
ENSG00000199471,ENSG00000199471
ENSG00000234761,ENSG00000234761
ENSG00000231547,ENSG00000231547
ENSG00000224671,ENSG00000224671
ENSG00000236523,ENSG00000236523
ENSG00000202300,ENSG00000202300
ENSG00000229652,ENSG00000229652
ENSG00000271588,ENSG00000271588
ENSG00000236035,ENSG00000236035
ENSG00000221643,ENSG00000221643
ENSG00000227417,ENSG00000227417
ENSG00000223505,ENSG00000223505
ENSG00000236430,ENSG00000236430
ENSG00000232917,ENSG00000232917
ENSG00000237379,ENSG00000237379
ENSG00000261065,ENSG00000261065
ENSG00000225522,ENSG00000225522
ENSG00000219133,ENSG00000219133
ENSG00000280924,ENSG00000280924
ENSG00000226330,ENSG00000226330
ENSG00000237848,ENSG00000237848
ENSG00000236779,ENSG00000236779
ENSG00000200408,ENSG00000200408
ENSG00000240710,ENSG00000240710
ENSG00000240219,ENSG00000240219
ENSG00000228153,ENSG00000228153
ENSG00000252650,ENSG00000252650
ENSG00000251861,ENSG00000251861
ENSG00000229657,ENSG00000229657
ENSG00000174529,ENSG00000174529
ENSG00000271580,ENSG00000271580
ENSG00000236108,ENSG00000236108
ENSG00000213041,ENSG00000213041
ENSG00000225063,ENSG00000225063
ENSG00000235363,ENSG00000235363
ENSG00000226235,ENSG00000226235
ENSG00000199059,ENSG00000199059
ENSG00000224717,ENSG00000224717
ENSG00000253097,ENSG00000253097
ENSG00000206762,ENSG00000206762
ENSG00000236942,ENSG00000236942
ENSG00000275213,ENSG00000275213
ENSG00000201944,ENSG00000201944
ENSG00000227687,ENSG00000227687
ENSG00000252692,ENSG00000252692
ENSG00000226780,ENSG00000226780
ENSG00000225483,ENSG00000225483
ENSG00000236889,ENSG00000236889
ENSG00000229509,ENSG00000229509
ENSG00000278465,ENSG00000278465
ENSG00000162888,ENSG00000162888
ENSG00000261000,ENSG00000261000
ENSG00000234981,ENSG00000234981
ENSG00000279946,ENSG00000279946
ENSG00000224114,ENSG00000224114
ENSG00000199349,ENSG00000199349
ENSG00000271680,ENSG00000271680
ENSG00000226945,ENSG00000226945
ENSG00000275392,ENSG00000275392
ENSG00000226565,ENSG00000226565
ENSG00000224462,ENSG00000224462
ENSG00000243636,ENSG00000243636
ENSG00000232621,ENSG00000232621
ENSG00000237074,ENSG00000237074
ENSG00000283044,ENSG00000283044
ENSG00000236911,ENSG00000236911
ENSG00000244703,ENSG00000244703
ENSG00000226289,ENSG00000226289
ENSG00000274059,ENSG00000274059
ENSG00000234219,ENSG00000234219
ENSG00000284214,ENSG00000284214
ENSG00000284203,ENSG00000284203
ENSG00000284237,ENSG00000284237
ENSG00000226843,ENSG00000226843
ENSG00000259815,ENSG00000259815
ENSG00000227887,ENSG00000227887
ENSG00000236950,ENSG00000236950
ENSG00000278684,ENSG00000278684
ENSG00000228081,ENSG00000228081
ENSG00000224540,ENSG00000224540
ENSG00000225712,ENSG00000225712
ENSG00000284485,ENSG00000284485
ENSG00000224260,ENSG00000224260
ENSG00000283876,ENSG00000283876
ENSG00000236136,ENSG00000236136
ENSG00000162757,ENSG00000162757
ENSG00000228110,ENSG00000228110
ENSG00000233455,ENSG00000233455
ENSG00000200972,ENSG00000200972
ENSG00000270936,ENSG00000270936
ENSG00000279333,ENSG00000279333
ENSG00000284299,ENSG00000284299
ENSG00000224668,ENSG00000224668
ENSG00000283952,ENSG00000283952
ENSG00000284376,ENSG00000284376
ENSG00000234233,ENSG00000234233
ENSG00000234004,ENSG00000234004
ENSG00000226986,ENSG00000226986
ENSG00000236809,ENSG00000236809
ENSG00000238137,ENSG00000238137
ENSG00000223649,ENSG00000223649
ENSG00000261314,ENSG00000261314
ENSG00000224763,ENSG00000224763
ENSG00000226868,ENSG00000226868
ENSG00000241395,ENSG00000241395
ENSG00000212205,ENSG00000212205
ENSG00000233626,ENSG00000233626
ENSG00000212187,ENSG00000212187
ENSG00000220749,ENSG00000220749
ENSG00000264358,ENSG00000264358
ENSG00000252879,ENSG00000252879
ENSG00000229983,ENSG00000229983
ENSG00000230063,ENSG00000230063
ENSG00000234915,ENSG00000234915
ENSG00000225338,ENSG00000225338
ENSG00000201544,ENSG00000201544
ENSG00000229832,ENSG00000229832
ENSG00000228067,ENSG00000228067
ENSG00000235862,ENSG00000235862
ENSG00000226036,ENSG00000226036
ENSG00000236905,ENSG00000236905
ENSG00000185523,ENSG00000185523
ENSG00000235182,ENSG00000235182
ENSG00000236317,ENSG00000236317
ENSG00000282718,ENSG00000282718
ENSG00000228646,ENSG00000228646
ENSG00000228255,ENSG00000228255
ENSG00000281664,ENSG00000281664
ENSG00000274895,ENSG00000274895
ENSG00000272167,ENSG00000272167
ENSG00000283518,ENSG00000283518
ENSG00000228470,ENSG00000228470
ENSG00000213036,ENSG00000213036
ENSG00000215819,ENSG00000215819
ENSG00000250536,ENSG00000250536
ENSG00000224584,ENSG00000224584
ENSG00000185221,ENSG00000185221
ENSG00000223869,ENSG00000223869
ENSG00000232809,ENSG00000232809
ENSG00000282265,ENSG00000282265
ENSG00000202498,ENSG00000202498
ENSG00000229242,ENSG00000229242
ENSG00000233620,ENSG00000233620
ENSG00000236292,ENSG00000236292
ENSG00000226013,ENSG00000226013
ENSG00000234070,ENSG00000234070
ENSG00000228247,ENSG00000228247
ENSG00000230714,ENSG00000230714
ENSG00000232100,ENSG00000232100
ENSG00000201493,ENSG00000201493
ENSG00000229016,ENSG00000229016
ENSG00000223375,ENSG00000223375
ENSG00000281453,ENSG00000281453
ENSG00000212610,ENSG00000212610
ENSG00000226693,ENSG00000226693
ENSG00000225920,ENSG00000225920
ENSG00000223842,ENSG00000223842
ENSG00000277007,ENSG00000277007
ENSG00000238232,ENSG00000238232
ENSG00000252086,ENSG00000252086
ENSG00000221673,ENSG00000221673
ENSG00000207590,ENSG00000207590
ENSG00000207624,ENSG00000207624
ENSG00000232134,ENSG00000232134
ENSG00000281696,ENSG00000281696
ENSG00000222370,ENSG00000222370
ENSG00000270585,ENSG00000270585
ENSG00000270708,ENSG00000270708
ENSG00000218283,ENSG00000218283
ENSG00000213033,ENSG00000213033
ENSG00000230318,ENSG00000230318
ENSG00000232883,ENSG00000232883
ENSG00000226927,ENSG00000226927
ENSG00000260505,ENSG00000260505
ENSG00000235163,ENSG00000235163
ENSG00000234863,ENSG00000234863
ENSG00000226226,ENSG00000226226
ENSG00000243872,ENSG00000243872
ENSG00000233012,ENSG00000233012
ENSG00000221571,ENSG00000221571
ENSG00000276642,ENSG00000276642
ENSG00000272823,ENSG00000272823
ENSG00000238078,ENSG00000238078
ENSG00000257551,ENSG00000257551
ENSG00000226211,ENSG00000226211
ENSG00000232436,ENSG00000232436
ENSG00000227585,ENSG00000227585
ENSG00000200033,ENSG00000200033
ENSG00000238042,ENSG00000238042
ENSG00000228437,ENSG00000228437
ENSG00000227613,ENSG00000227613
ENSG00000226643,ENSG00000226643
ENSG00000234419,ENSG00000234419
ENSG00000276997,ENSG00000276997
ENSG00000222399,ENSG00000222399
ENSG00000267305,ENSG00000267305
ENSG00000229399,ENSG00000229399
ENSG00000272750,ENSG00000272750
ENSG00000234523,ENSG00000234523
ENSG00000236846,ENSG00000236846
ENSG00000226601,ENSG00000226601
ENSG00000251789,ENSG00000251789
ENSG00000227002,ENSG00000227002
ENSG00000212398,ENSG00000212398
ENSG00000227621,ENSG00000227621
ENSG00000188460,ENSG00000188460
ENSG00000233771,ENSG00000233771
ENSG00000212157,ENSG00000212157
ENSG00000185495,ENSG00000185495
ENSG00000278467,ENSG00000278467
ENSG00000229930,ENSG00000229930
ENSG00000252484,ENSG00000252484
ENSG00000236773,ENSG00000236773
ENSG00000201898,ENSG00000201898
ENSG00000237101,ENSG00000237101
ENSG00000221406,ENSG00000221406
ENSG00000229742,ENSG00000229742
ENSG00000206887,ENSG00000206887
ENSG00000266618,ENSG00000266618
ENSG00000229991,ENSG00000229991
ENSG00000234247,ENSG00000234247
ENSG00000229400,ENSG00000229400
ENSG00000282418,ENSG00000282418
ENSG00000226349,ENSG00000226349
ENSG00000223306,ENSG00000223306
ENSG00000234112,ENSG00000234112
ENSG00000242861,ENSG00000242861
ENSG00000243709,ENSG00000243709
ENSG00000255835,ENSG00000255835
ENSG00000284519,ENSG00000284519
ENSG00000248322,ENSG00000248322
ENSG00000213032,ENSG00000213032
ENSG00000270598,ENSG00000270598
ENSG00000234478,ENSG00000234478
ENSG00000223570,ENSG00000223570
ENSG00000236994,ENSG00000236994
ENSG00000275406,ENSG00000275406
ENSG00000270287,ENSG00000270287
ENSG00000229965,ENSG00000229965
ENSG00000223282,ENSG00000223282
ENSG00000177770,ENSG00000177770
ENSG00000228548,ENSG00000228548
ENSG00000238183,ENSG00000238183
ENSG00000228525,ENSG00000228525
ENSG00000233706,ENSG00000233706
ENSG00000228625,ENSG00000228625
ENSG00000228729,ENSG00000228729
ENSG00000236636,ENSG00000236636
ENSG00000232864,ENSG00000232864
ENSG00000242757,ENSG00000242757
ENSG00000224834,ENSG00000224834
ENSG00000237193,ENSG00000237193
ENSG00000278180,ENSG00000278180
ENSG00000237469,ENSG00000237469
ENSG00000235827,ENSG00000235827
ENSG00000227711,ENSG00000227711
ENSG00000202264,ENSG00000202264
ENSG00000225934,ENSG00000225934
ENSG00000215812,ENSG00000215812
ENSG00000230005,ENSG00000230005
ENSG00000264483,ENSG00000264483
ENSG00000233003,ENSG00000233003
ENSG00000274886,ENSG00000274886
ENSG00000276255,ENSG00000276255
ENSG00000284163,ENSG00000284163
ENSG00000224566,ENSG00000224566
ENSG00000280157,ENSG00000280157
ENSG00000227625,ENSG00000227625
ENSG00000203684,ENSG00000203684
ENSG00000270104,ENSG00000270104
ENSG00000270094,ENSG00000270094
ENSG00000284311,ENSG00000284311
ENSG00000230841,ENSG00000230841
ENSG00000266174,ENSG00000266174
ENSG00000279306,ENSG00000279306
ENSG00000215811,ENSG00000215811
ENSG00000202056,ENSG00000202056
ENSG00000251823,ENSG00000251823
ENSG00000199352,ENSG00000199352
ENSG00000201588,ENSG00000201588
ENSG00000199337,ENSG00000199337
ENSG00000200381,ENSG00000200381
ENSG00000199396,ENSG00000199396
ENSG00000200624,ENSG00000200624
ENSG00000202521,ENSG00000202521
ENSG00000200343,ENSG00000200343
ENSG00000201321,ENSG00000201321
ENSG00000199910,ENSG00000199910
ENSG00000199334,ENSG00000199334
ENSG00000199270,ENSG00000199270
ENSG00000202526,ENSG00000202526
ENSG00000201355,ENSG00000201355
ENSG00000201925,ENSG00000201925
ENSG00000202257,ENSG00000202257
ENSG00000200370,ENSG00000200370
ENSG00000212237,ENSG00000212237
ENSG00000183929,ENSG00000183929
ENSG00000206878,ENSG00000206878
ENSG00000234975,ENSG00000234975
ENSG00000271475,ENSG00000271475
ENSG00000271399,ENSG00000271399
ENSG00000282111,ENSG00000282111
ENSG00000229840,ENSG00000229840
ENSG00000177800,ENSG00000177800
ENSG00000237481,ENSG00000237481
ENSG00000252506,ENSG00000252506
ENSG00000252051,ENSG00000252051
ENSG00000230331,ENSG00000230331
ENSG00000226920,ENSG00000226920
ENSG00000199672,ENSG00000199672
ENSG00000201492,ENSG00000201492
ENSG00000229367,ENSG00000229367
ENSG00000213028,ENSG00000213028
ENSG00000225984,ENSG00000225984
ENSG00000224407,ENSG00000224407
ENSG00000232964,ENSG00000232964
ENSG00000235817,ENSG00000235817
ENSG00000244137,ENSG00000244137
ENSG00000202063,ENSG00000202063
ENSG00000225656,ENSG00000225656
ENSG00000240502,ENSG00000240502
ENSG00000283799,ENSG00000283799
ENSG00000227934,ENSG00000227934
ENSG00000229595,ENSG00000229595
ENSG00000235710,ENSG00000235710
ENSG00000222407,ENSG00000222407
ENSG00000116903,ENSG00000116903
ENSG00000223982,ENSG00000223982
ENSG00000229228,ENSG00000229228
ENSG00000222986,ENSG00000222986
ENSG00000274121,ENSG00000274121
ENSG00000226758,ENSG00000226758
ENSG00000235152,ENSG00000235152
ENSG00000236372,ENSG00000236372
ENSG00000224436,ENSG00000224436
ENSG00000242794,ENSG00000242794
ENSG00000238382,ENSG00000238382
ENSG00000225919,ENSG00000225919
ENSG00000206835,ENSG00000206835
ENSG00000232175,ENSG00000232175
ENSG00000231940,ENSG00000231940
ENSG00000251508,ENSG00000251508
ENSG00000252501,ENSG00000252501
ENSG00000265744,ENSG00000265744
ENSG00000225486,ENSG00000225486
ENSG00000236101,ENSG00000236101
ENSG00000233332,ENSG00000233332
ENSG00000231272,ENSG00000231272
ENSG00000236244,ENSG00000236244
ENSG00000232166,ENSG00000232166
ENSG00000264377,ENSG00000264377
ENSG00000235605,ENSG00000235605
ENSG00000236358,ENSG00000236358
ENSG00000273367,ENSG00000273367
ENSG00000230404,ENSG00000230404
ENSG00000212144,ENSG00000212144
ENSG00000228830,ENSG00000228830
ENSG00000224939,ENSG00000224939
ENSG00000272362,ENSG00000272362
ENSG00000241475,ENSG00000241475
ENSG00000230628,ENSG00000230628
ENSG00000282097,ENSG00000282097
ENSG00000279261,ENSG00000279261
ENSG00000201638,ENSG00000201638
ENSG00000239690,ENSG00000239690
ENSG00000233018,ENSG00000233018
ENSG00000273416,ENSG00000273416
ENSG00000207181,ENSG00000207181
ENSG00000263439,ENSG00000263439
ENSG00000236863,ENSG00000236863
ENSG00000152904,ENSG00000152904
ENSG00000227962,ENSG00000227962
ENSG00000230026,ENSG00000230026
ENSG00000229795,ENSG00000229795
ENSG00000238236,ENSG00000238236
ENSG00000235638,ENSG00000235638
ENSG00000231199,ENSG00000231199
ENSG00000226663,ENSG00000226663
ENSG00000231582,ENSG00000231582
ENSG00000232714,ENSG00000232714
ENSG00000235761,ENSG00000235761
ENSG00000270710,ENSG00000270710
ENSG00000227236,ENSG00000227236
ENSG00000235674,ENSG00000235674
ENSG00000229463,ENSG00000229463
ENSG00000222831,ENSG00000222831
ENSG00000206803,ENSG00000206803
ENSG00000237845,ENSG00000237845
ENSG00000229291,ENSG00000229291
ENSG00000252822,ENSG00000252822
ENSG00000235371,ENSG00000235371
ENSG00000222650,ENSG00000222650
ENSG00000237922,ENSG00000237922
ENSG00000244457,ENSG00000244457
ENSG00000223776,ENSG00000223776
ENSG00000273058,ENSG00000273058
ENSG00000230325,ENSG00000230325
ENSG00000226498,ENSG00000226498
ENSG00000237991,ENSG00000237991
ENSG00000252396,ENSG00000252396
ENSG00000266262,ENSG00000266262
ENSG00000252290,ENSG00000252290
ENSG00000237250,ENSG00000237250
ENSG00000243781,ENSG00000243781
ENSG00000283174,ENSG00000283174
ENSG00000283166,ENSG00000283166
ENSG00000283377,ENSG00000283377
ENSG00000232154,ENSG00000232154
ENSG00000225723,ENSG00000225723
ENSG00000227860,ENSG00000227860
ENSG00000230019,ENSG00000230019
ENSG00000232989,ENSG00000232989
ENSG00000252371,ENSG00000252371
ENSG00000231877,ENSG00000231877
ENSG00000215149,ENSG00000215149
ENSG00000224783,ENSG00000224783
ENSG00000227854,ENSG00000227854
ENSG00000259776,ENSG00000259776
ENSG00000234601,ENSG00000234601
ENSG00000231979,ENSG00000231979
ENSG00000215805,ENSG00000215805
ENSG00000217327,ENSG00000217327
ENSG00000228818,ENSG00000228818
ENSG00000202041,ENSG00000202041
ENSG00000223694,ENSG00000223694
ENSG00000233735,ENSG00000233735
ENSG00000252317,ENSG00000252317
ENSG00000233519,ENSG00000233519
ENSG00000224359,ENSG00000224359
ENSG00000226014,ENSG00000226014
ENSG00000231440,ENSG00000231440
ENSG00000228844,ENSG00000228844
ENSG00000251750,ENSG00000251750
ENSG00000234872,ENSG00000234872
ENSG00000199241,ENSG00000199241
ENSG00000223963,ENSG00000223963
ENSG00000215802,ENSG00000215802
ENSG00000233615,ENSG00000233615
ENSG00000238085,ENSG00000238085
ENSG00000265831,ENSG00000265831
ENSG00000224348,ENSG00000224348
ENSG00000229022,ENSG00000229022
ENSG00000235990,ENSG00000235990
ENSG00000196289,ENSG00000196289
ENSG00000213026,ENSG00000213026
ENSG00000224625,ENSG00000224625
ENSG00000277099,ENSG00000277099
ENSG00000252084,ENSG00000252084
ENSG00000224525,ENSG00000224525
ENSG00000226750,ENSG00000226750
ENSG00000235467,ENSG00000235467
ENSG00000213690,ENSG00000213690
ENSG00000270859,ENSG00000270859
ENSG00000215800,ENSG00000215800
ENSG00000270818,ENSG00000270818
ENSG00000277704,ENSG00000277704
ENSG00000230199,ENSG00000230199
ENSG00000234116,ENSG00000234116
ENSG00000278455,ENSG00000278455
ENSG00000253326,ENSG00000253326
ENSG00000214837,ENSG00000214837
ENSG00000212230,ENSG00000212230
ENSG00000227230,ENSG00000227230
ENSG00000232085,ENSG00000232085
ENSG00000224727,ENSG00000224727
ENSG00000265201,ENSG00000265201
ENSG00000236031,ENSG00000236031
ENSG00000226766,ENSG00000226766
ENSG00000232184,ENSG00000232184
ENSG00000228939,ENSG00000228939
ENSG00000279774,ENSG00000279774
ENSG00000229960,ENSG00000229960
ENSG00000244066,ENSG00000244066
ENSG00000237759,ENSG00000237759
ENSG00000240963,ENSG00000240963
ENSG00000225401,ENSG00000225401
ENSG00000227735,ENSG00000227735
ENSG00000232059,ENSG00000232059
ENSG00000282317,ENSG00000282317
ENSG00000201758,ENSG00000201758
ENSG00000252073,ENSG00000252073
ENSG00000272195,ENSG00000272195
ENSG00000252282,ENSG00000252282
ENSG00000251754,ENSG00000251754
ENSG00000223353,ENSG00000223353
ENSG00000201170,ENSG00000201170
ENSG00000232192,ENSG00000232192
ENSG00000232793,ENSG00000232793
ENSG00000238224,ENSG00000238224
ENSG00000231612,ENSG00000231612
ENSG00000235096,ENSG00000235096
ENSG00000225222,ENSG00000225222
ENSG00000202184,ENSG00000202184
ENSG00000230184,ENSG00000230184
ENSG00000207326,ENSG00000207326
ENSG00000227728,ENSG00000227728
ENSG00000242042,ENSG00000242042
ENSG00000230813,ENSG00000230813
ENSG00000229112,ENSG00000229112
ENSG00000225300,ENSG00000225300
ENSG00000228955,ENSG00000228955
ENSG00000260698,ENSG00000260698
ENSG00000235021,ENSG00000235021
ENSG00000228879,ENSG00000228879
ENSG00000260855,ENSG00000260855
ENSG00000235386,ENSG00000235386
ENSG00000252011,ENSG00000252011
ENSG00000135747,ENSG00000135747
ENSG00000236775,ENSG00000236775
ENSG00000215796,ENSG00000215796
ENSG00000228982,ENSG00000228982
ENSG00000221953,ENSG00000221953
ENSG00000226164,ENSG00000226164
ENSG00000224014,ENSG00000224014
ENSG00000215795,ENSG00000215795
ENSG00000259865,ENSG00000259865
ENSG00000227671,ENSG00000227671
ENSG00000283881,ENSG00000283881
ENSG00000252516,ENSG00000252516
ENSG00000232347,ENSG00000232347
ENSG00000214144,ENSG00000214144
ENSG00000235818,ENSG00000235818
ENSG00000197617,ENSG00000197617
ENSG00000202079,ENSG00000202079
ENSG00000236817,ENSG00000236817
ENSG00000177489,ENSG00000177489
ENSG00000177476,ENSG00000177476
ENSG00000283369,ENSG00000283369
ENSG00000230411,ENSG00000230411
ENSG00000153230,ENSG00000153230
ENSG00000232908,ENSG00000232908
ENSG00000230576,ENSG00000230576
ENSG00000197591,ENSG00000197591
ENSG00000238243,ENSG00000238243
ENSG00000226191,ENSG00000226191
ENSG00000224830,ENSG00000224830
ENSG00000279263,ENSG00000279263
ENSG00000187080,ENSG00000187080
ENSG00000237492,ENSG00000237492
ENSG00000199442,ENSG00000199442
ENSG00000232215,ENSG00000232215
ENSG00000200085,ENSG00000200085
ENSG00000200982,ENSG00000200982
ENSG00000177233,ENSG00000177233
ENSG00000162727,ENSG00000162727
ENSG00000177186,ENSG00000177186
ENSG00000177174,ENSG00000177174
ENSG00000196539,ENSG00000196539
ENSG00000229255,ENSG00000229255
ENSG00000227102,ENSG00000227102
ENSG00000183310,ENSG00000183310
ENSG00000201602,ENSG00000201602
ENSG00000271701,ENSG00000271701
ENSG00000229703,ENSG00000229703
ENSG00000276520,ENSG00000276520
ENSG00000242529,ENSG00000242529
ENSG00000229663,ENSG00000229663
ENSG00000264500,ENSG00000264500
ENSG00000227237,ENSG00000227237
ENSG00000200495,ENSG00000200495
ENSG00000233084,ENSG00000233084
